src,record_type,start_date,duration,record_length,ano,record_number,call_reference,bno
nokia,-4,2024-09-04 13-01-49,-18119,-68,40700879782,662265048,wYnhbJoI,40779953759
nokia,-78,2024-09-04 13-01-57,-12928,-96,40759724512,899462365,kWRionDA,40777538146
nokia,-48,2024-09-04 13-01-38,26890,-73,40728870888,-1374005350,yHSFGNhU,40707175432
nokia,26,2024-09-04 13-00-39,-15432,-31,40751219965,-212202037,UdOJKCdz,40750260054
nokia,44,2024-09-04 13-04-36,-27822,64,40737385363,1811541015,QVagjieY,40795708354
nokia,-30,2024-09-04 13-02-05,15160,25,40704227776,-878791404,NtykwoqG,40735836414
nokia,-99,2024-09-04 13-03-04,23902,-34,40777910489,-535872269,DLfIjJXP,40730407600
nokia,-63,2024-09-04 13-05-27,11660,81,40760771247,-1872545035,myfaFniW,40728633123
nokia,89,2024-09-04 13-01-43,-17855,-21,40722222113,-456281464,vGidHPJp,40794429621
nokia,-105,2024-09-04 13-04-52,-9137,-74,40716681164,1287373479,wNmpAOrW,40794385626
nokia,-38,2024-09-04 13-04-04,17180,65,40756552888,-1140646524,XiSTkfgm,40789509367
nokia,27,2024-09-04 13-05-30,23456,-34,40748013563,1265409788,HsoSbTWS,40710375277
nokia,-14,2024-09-04 13-01-42,31310,-35,40799315737,-1285607222,RCiDAdIG,40761359681
nokia,4,2024-09-04 13-02-50,19075,119,40706943028,1376111467,YeGroSmp,40744661325
nokia,-49,2024-09-04 13-04-51,5170,-9,40772221062,-1127621398,AcmQBtqu,40724888507
nokia,-77,2024-09-04 13-03-19,17416,-63,40703755734,-1054154196,sJvwboLH,40772758170
nokia,-112,2024-09-04 13-02-49,-17002,101,40768741441,-360193710,OnXdgzfG,40720000600
nokia,-87,2024-09-04 13-02-01,20897,-1,40749309696,-1761886300,FzEzXeUc,40726500885
nokia,-34,2024-09-04 13-04-56,-9685,-102,40769512440,-1835394233,FPtBYTWH,40778482672
nokia,90,2024-09-04 13-03-07,-928,73,40790720459,844912764,IIpwEOdx,40725801333
nokia,-3,2024-09-04 13-04-48,15647,-116,40735692619,-1568403195,kwLsKGrd,40756547983
nokia,53,2024-09-04 13-01-06,-10765,90,40750691335,1065617626,SKmEtImG,40707440008
nokia,85,2024-09-04 13-02-53,2447,-115,40792559193,-347261100,ETsNAXyy,40702262974
nokia,116,2024-09-04 13-04-21,29788,14,40767753413,-204185688,xoXqcWTV,40704539397
nokia,41,2024-09-04 13-02-01,14450,62,40740858908,-268722869,ZDtvriwn,40787999654
nokia,22,2024-09-04 13-02-43,-20042,45,40765565769,-425167106,PxHyuZAd,40740498039
nokia,-37,2024-09-04 13-05-20,-14385,-23,40717357953,-1556308638,JJiADyqb,40749130761
nokia,89,2024-09-04 13-03-46,-14550,71,40728808879,1858327818,OVSavDsU,40745640319
nokia,-99,2024-09-04 13-02-36,-13185,-64,40772410047,801149350,MHlMZPMc,40761502312
nokia,19,2024-09-04 13-05-15,31012,-120,40734894044,-173039639,WhtNzGKn,40799961326
nokia,116,2024-09-04 13-05-02,10185,40,40752396281,1385250558,nkDmaobJ,40700403682
nokia,121,2024-09-04 13-02-50,-26870,109,40785492431,-1656134301,lnEfpPdk,40778575574
nokia,66,2024-09-04 13-04-33,26907,8,40721176387,197557146,LtDwwnJQ,40703573734
nokia,-60,2024-09-04 13-00-53,20099,-105,40795125133,1561662505,PTqBrUrq,40797210248
nokia,-39,2024-09-04 13-02-07,-18377,-76,40754839891,-1216808684,fzcVhAhM,40773019997
nokia,-40,2024-09-04 13-01-23,-5773,63,40702973108,-1354565420,DSmAWlzr,40727401981
nokia,-1,2024-09-04 13-05-31,27611,-33,40744541220,705736732,iVKkzQeF,40744265833
nokia,6,2024-09-04 13-05-01,-32220,-116,40752519992,-1132098689,UIMmofSK,40765293909
nokia,94,2024-09-04 13-00-39,-20103,-22,40710781975,705139948,xpXptwFz,40729212500
nokia,-30,2024-09-04 13-01-00,-13605,-95,40771452117,-1506589239,zuXJmfwx,40761068022
nokia,-7,2024-09-04 13-04-05,11418,50,40702802700,836843640,xwNFwTlY,40745878274
nokia,90,2024-09-04 13-03-33,-7261,-97,40711922071,-629665562,zaFumxxr,40768558286
nokia,-108,2024-09-04 13-01-05,28159,-58,40791508778,-514525328,KEaaIjuR,40778613622
nokia,-92,2024-09-04 13-03-30,-18016,-52,40791648905,-943061626,ljFUGSPL,40742571935
nokia,16,2024-09-04 13-02-34,-943,-60,40723100936,-1031048346,ySYvPmYi,40764561331
nokia,-104,2024-09-04 13-01-59,20982,-91,40775798768,2066163901,hqMJHazC,40729320417
nokia,-32,2024-09-04 13-02-10,-24066,-95,40744321590,672133346,yVzipDxL,40717389309
nokia,18,2024-09-04 13-01-31,-10647,2,40781796292,668518819,gSDUKhsI,40748835509
nokia,-119,2024-09-04 13-05-16,14559,-107,40760137437,-1098961366,uygEShzf,40794867950
nokia,9,2024-09-04 13-01-05,-2101,-73,40727157497,-1611425579,tijODpdU,40740128348
nokia,-52,2024-09-04 13-01-10,-8698,-28,40714215964,-836485485,tqyXZNGi,40779692456
nokia,106,2024-09-04 13-01-13,-10076,-89,40789888866,1739810608,dpkBARNi,40781090067
nokia,125,2024-09-04 13-00-55,7507,70,40746496661,1427844142,CupMAMwB,40744980873
nokia,-85,2024-09-04 13-04-25,27033,114,40787549529,849448413,qMJAAxcB,40767704949
nokia,45,2024-09-04 13-01-58,-21442,124,40740799819,1303525167,hScsubek,40777178375
nokia,63,2024-09-04 13-05-21,-17639,105,40743703204,-1424545177,MpECiAwZ,40749846647
nokia,111,2024-09-04 13-02-17,19023,-88,40728898199,-1731888792,mORJxXZx,40751238232
nokia,-13,2024-09-04 13-05-11,28706,-72,40719797511,1604010912,SoNTJBZY,40703496366
nokia,58,2024-09-04 13-02-12,-17289,71,40710672724,755931981,skjUdBnB,40759626561
nokia,91,2024-09-04 13-05-00,-9437,75,40795130310,-1710043375,CSTzXjTH,40789897915
nokia,-82,2024-09-04 13-03-52,8694,65,40705988788,198824678,pHeurNCh,40721800695
nokia,-26,2024-09-04 13-03-15,-31868,89,40756816649,121083827,KCeHnkth,40781407894
nokia,-5,2024-09-04 13-00-48,-6522,-95,40791570672,633275355,gAthNeDF,40715128874
nokia,31,2024-09-04 13-03-59,-25246,-15,40749153900,-769660571,jkwWnjwP,40733136480
nokia,-82,2024-09-04 13-01-44,24252,121,40763356781,1081560853,ngoamVLN,40757462500
nokia,122,2024-09-04 13-05-21,-1944,34,40785064830,2099006503,SpwjJXnt,40722093480
nokia,-101,2024-09-04 13-04-12,-31211,-6,40735950055,-169395592,IaNyCwYR,40769457600
nokia,105,2024-09-04 13-01-34,3254,-62,40752255847,-1233026821,dBfDAezC,40721433537
nokia,-15,2024-09-04 13-04-05,-25674,26,40715057574,-1839778188,FgUsWsGn,40708651314
nokia,74,2024-09-04 13-04-06,-31512,122,40772544089,-788158549,ofrgkuOc,40721366418
nokia,-117,2024-09-04 13-01-53,7480,-103,40785257284,-935179282,JcGJOPuM,40776263144
nokia,-106,2024-09-04 13-02-27,7917,-24,40799942834,1553523703,snehYyAY,40760846401
nokia,24,2024-09-04 13-01-56,-29369,-3,40751433147,1352675821,NcKlgdGO,40796302938
nokia,-72,2024-09-04 13-04-46,-18015,-99,40702968260,-1843783407,naqxKYaN,40767179763
nokia,70,2024-09-04 13-03-27,16247,-33,40705697848,295058230,piMKIyIp,40774161339
nokia,40,2024-09-04 13-01-39,-22986,-116,40714748363,139347712,wFJIfiun,40743208184
nokia,-70,2024-09-04 13-04-14,19285,114,40791721338,190380594,jKLeRurf,40737616761
nokia,-50,2024-09-04 13-04-05,-9456,124,40755298130,1504393315,pLeuvVox,40727012521
nokia,40,2024-09-04 13-04-12,1058,-76,40787887413,2076853484,PLHyeDQB,40764293389
nokia,104,2024-09-04 13-04-21,-31307,101,40795426111,-312593572,LlADohVp,40707840931
nokia,-15,2024-09-04 13-03-35,-29715,-121,40767808520,1138914711,stAySmTX,40765528813
nokia,-107,2024-09-04 13-03-30,27251,24,40796816090,349525761,fcbyaQvB,40748795383
nokia,-39,2024-09-04 13-03-43,24,33,40743023140,1131090201,jhexZUIc,40761129357
nokia,-79,2024-09-04 13-03-59,24912,35,40733791585,-456962788,YvdJhtUa,40758598930
nokia,84,2024-09-04 13-01-49,-11425,1,40762241006,-1820310938,IITvjgcE,40735192574
nokia,-42,2024-09-04 13-05-12,-8711,90,40702541636,-377800791,MqbOyFCu,40738960857
nokia,-30,2024-09-04 13-02-07,13390,-43,40779376109,1329036645,OINAolDm,40781416178
nokia,-7,2024-09-04 13-05-04,-32181,-29,40773997194,2071102084,YKiRFeOD,40701818901
nokia,9,2024-09-04 13-01-34,-25406,15,40763958004,-268649594,WZEiEktS,40706227270
nokia,-110,2024-09-04 13-03-03,29104,68,40714927598,-356076497,ifkSKTxT,40761783523
nokia,-90,2024-09-04 13-02-47,3646,-36,40744232974,-1014752568,iSjodidT,40703588493
nokia,91,2024-09-04 13-02-31,-13163,124,40760370787,1432789401,OGEpPxfd,40756917984
nokia,51,2024-09-04 13-02-44,-15386,101,40722669378,1875044655,mZfUgrPk,40726975120
nokia,50,2024-09-04 13-02-13,-15233,-68,40707934184,372267752,AcNNPakT,40755688079
nokia,-34,2024-09-04 13-01-50,-5177,-113,40773624106,588638313,XudOdUks,40787527663
nokia,105,2024-09-04 13-01-14,18194,74,40725097223,1007366068,sdcYyghI,40738167679
nokia,-68,2024-09-04 13-04-34,-4151,-105,40762195588,-1232072813,nyGmkFiL,40700259799
nokia,-62,2024-09-04 13-02-35,-26351,-6,40728962767,376987681,lzNxMgCn,40763020841
nokia,-4,2024-09-04 13-01-07,-4419,-60,40724364970,-302076747,eVqeLDHf,40755127217
nokia,77,2024-09-04 13-03-28,-7468,-100,40786130183,2049564092,zJHfGYbw,40707708265
nokia,80,2024-09-04 13-01-58,-25826,123,40724472267,-1758923159,VBqIPGIQ,40754726367
nokia,-14,2024-09-04 13-04-51,-9592,-28,40732356845,1623388770,zDQVxwcA,40723942003
nokia,-50,2024-09-04 13-05-07,11051,105,40754796728,218238781,IobLprhz,40773886244
nokia,42,2024-09-04 13-01-45,22408,63,40778748853,-369305925,yuAFMAds,40746486660
nokia,-37,2024-09-04 13-01-04,-12994,61,40708272926,-2043103456,BzBHidsd,40753715794
nokia,-99,2024-09-04 13-04-16,30069,-29,40700051717,288044578,OLtXnFRz,40798800687
nokia,-118,2024-09-04 13-03-25,13119,-28,40791914239,-1241803388,oGUiVgbj,40765044644
nokia,-103,2024-09-04 13-05-18,-32536,-54,40729578038,-826039866,yaypiBaK,40763924376
nokia,-68,2024-09-04 13-02-41,30449,117,40748420767,-1784515578,TSkHeHWv,40741206589
nokia,88,2024-09-04 13-01-03,-18399,-84,40780981449,658394123,NnpkUmzd,40787604033
nokia,-97,2024-09-04 13-04-40,-32038,-26,40732274769,-1801573919,rOvyssbJ,40705610179
nokia,32,2024-09-04 13-02-06,-24492,113,40733080836,-134608182,wfiquwgl,40701243401
nokia,-59,2024-09-04 13-03-27,-19503,51,40777428307,225232626,BrSstBAL,40770898390
nokia,-88,2024-09-04 13-00-38,4940,67,40747319461,-921311551,rFoVIPJH,40752606180
nokia,-22,2024-09-04 13-00-41,-23045,45,40762040636,-53227931,VLLitpZG,40761439540
nokia,29,2024-09-04 13-02-05,-22765,-115,40783033655,-762454102,XjVKmZlU,40704192502
nokia,25,2024-09-04 13-04-07,11553,-75,40722606755,1959681677,tUZKUvdv,40703784688
nokia,107,2024-09-04 13-04-51,-4229,-23,40755518137,-111917020,ygtloVNn,40726817211
nokia,-55,2024-09-04 13-02-40,-17641,-28,40748772925,-1197514516,sYqObibz,40747499720
nokia,-58,2024-09-04 13-01-25,24558,107,40725196699,-209427005,HptXjrMX,40759964037
nokia,-3,2024-09-04 13-04-10,-697,-118,40765366689,576046043,mMkjtqNE,40793399743
nokia,-42,2024-09-04 13-01-35,-12329,0,40774555322,-1382357916,cPhUwpzN,40764854259
nokia,-69,2024-09-04 13-03-03,-12795,52,40743236127,787502803,lFFitLxk,40756179177
nokia,-91,2024-09-04 13-01-18,-2423,86,40717315742,939292597,zzSuxoeC,40713300272
nokia,-18,2024-09-04 13-04-33,27168,56,40795119597,1617250074,GJGkfcms,40702816321
nokia,-14,2024-09-04 13-03-07,27823,0,40762067113,1323284615,PDfhwAiu,40764480509
nokia,-49,2024-09-04 13-01-50,22496,-89,40760942505,-853893900,bEUOzjGM,40702070305
nokia,120,2024-09-04 13-05-09,-27539,-89,40743726947,252999056,XRibYXXx,40720063989
nokia,-61,2024-09-04 13-02-56,15339,-85,40782211989,-1470425115,lpaNQnld,40741506650
nokia,119,2024-09-04 13-03-01,-10887,-58,40739255660,846060996,FvzfIEHw,40789474326
nokia,83,2024-09-04 13-00-36,-22767,-28,40748068527,-722672391,LCtoMCTE,40769607900
nokia,46,2024-09-04 13-01-52,9908,-99,40779285955,-534563533,pdedPbfl,40700566354
nokia,-72,2024-09-04 13-03-09,29662,26,40761359431,-851374067,vYDYqVgj,40747927282
nokia,78,2024-09-04 13-03-04,10286,-101,40793889188,479679919,VaOQZDDJ,40753336975
nokia,-31,2024-09-04 13-03-21,-26071,-91,40737139577,14851906,iUkOfPTC,40762903560
nokia,64,2024-09-04 13-05-35,-18119,22,40705089329,1603871963,LulyURtv,40770723805
nokia,86,2024-09-04 13-03-21,9612,15,40750377994,-1943593167,thQzXINk,40743526810
nokia,-13,2024-09-04 13-05-21,15246,-16,40777585089,1675695948,QsqTidos,40717130228
nokia,-53,2024-09-04 13-04-00,26623,-6,40751045841,-2014959850,sAiLJyZN,40722364750
nokia,35,2024-09-04 13-03-57,12619,-12,40757294252,2038081568,ptoQnYqi,40750248214
nokia,-128,2024-09-04 13-02-07,15832,-29,40792411784,430251613,dupmkbwh,40716273658
nokia,72,2024-09-04 13-05-12,-22675,-67,40755332269,-612863087,ehTImhKe,40788196579
nokia,67,2024-09-04 13-02-24,10397,31,40769912894,1725940835,KMkkhGne,40754727393
nokia,-17,2024-09-04 13-03-17,31023,-104,40777755248,387863098,xnKuyHir,40775010931
nokia,-113,2024-09-04 13-02-15,901,31,40798551975,953464776,dokvFfkx,40780603763
nokia,38,2024-09-04 13-00-45,-967,-52,40719010984,-504495252,sudxYFmY,40784506693
nokia,42,2024-09-04 13-04-19,32742,88,40785271937,-2114611069,QoWVUfps,40768569584
nokia,-104,2024-09-04 13-01-23,-25974,-50,40768641431,-2136163299,SurnnJic,40700177557
nokia,-76,2024-09-04 13-03-23,-7066,99,40758361273,-867425021,YUtcAQfQ,40741877800
nokia,34,2024-09-04 13-01-06,28849,-30,40758596487,-665785277,osIKgwbB,40743335539
nokia,76,2024-09-04 13-03-16,-27905,19,40767138519,1670907568,RilCbEcA,40724743691
nokia,-59,2024-09-04 13-04-43,-7750,30,40711318316,-1027856384,ztMoWOgu,40734381186
nokia,-23,2024-09-04 13-03-16,20242,88,40702198268,483557306,KoeYPBzg,40748170063
nokia,-36,2024-09-04 13-05-16,904,46,40732603384,-161820053,GIXuwMHR,40727364445
nokia,-107,2024-09-04 13-03-12,-5367,-22,40708292509,1498095105,RjhwfkFq,40720579268
nokia,56,2024-09-04 13-03-30,5882,-110,40708852067,794463893,damZDhbz,40738403712
nokia,-97,2024-09-04 13-04-40,15345,45,40778071358,1477508830,HLRclNKZ,40702661995
nokia,-125,2024-09-04 13-05-19,-14253,100,40772971830,877271568,KKQoYyFZ,40761716174
nokia,-95,2024-09-04 13-01-28,27713,-127,40710128290,1048772320,jUnECbGk,40702930333
nokia,15,2024-09-04 13-04-48,7331,-17,40748909368,-1545250544,kSWkAacp,40753030767
nokia,18,2024-09-04 13-02-51,30310,-79,40744262108,1876966929,Zrqyapqj,40719288601
nokia,41,2024-09-04 13-02-07,13666,121,40787607240,642733836,pqydeaBI,40724008322
nokia,-105,2024-09-04 13-02-22,-1277,104,40717024410,1956169116,sgieRnmQ,40775557812
nokia,-59,2024-09-04 13-03-26,6082,-50,40700765637,-1312401983,ELtgcujg,40745903622
nokia,-95,2024-09-04 13-03-35,5347,-115,40750993456,-64983509,cajNWJEL,40736281213
nokia,-108,2024-09-04 13-01-03,11732,-50,40763844796,272458022,fqIKCjsQ,40733506943
nokia,-110,2024-09-04 13-02-26,31076,56,40729959977,-1922249900,EtaFvRjQ,40740308905
nokia,-94,2024-09-04 13-03-48,6032,14,40763387086,278000242,OSglwXhr,40702931054
nokia,8,2024-09-04 13-01-58,7580,82,40783224217,-620252471,RfafWnWS,40718524747
nokia,-77,2024-09-04 13-01-05,-28219,-30,40721440151,-1527935732,aAqMItEA,40767833051
nokia,96,2024-09-04 13-01-09,-23749,20,40724621951,-1714071211,ZmukKHEb,40766777667
nokia,62,2024-09-04 13-03-36,-19645,-89,40792572909,540601718,PGIPEvNU,40747114563
nokia,-82,2024-09-04 13-04-59,-10324,-23,40777626966,-947203076,ZtfJaDJF,40782887968
nokia,-39,2024-09-04 13-04-00,11540,65,40732401079,1557118637,hNZFoePp,40737562442
nokia,33,2024-09-04 13-03-55,-18252,-71,40701770977,1779704341,xczZrVLa,40735578049
nokia,124,2024-09-04 13-01-40,-1469,-50,40777530979,301539577,YHjzQODI,40722110882
nokia,-122,2024-09-04 13-04-30,24502,-83,40781838628,378961894,WuQVZDzh,40700564162
nokia,-25,2024-09-04 13-02-05,-26739,8,40742273961,-1294018447,JGzmjNWe,40735366161
nokia,-114,2024-09-04 13-04-46,2331,-69,40725654703,-521782677,uXtWrgcj,40755549395
nokia,72,2024-09-04 13-00-44,28814,-94,40783571692,1898810812,GgXxhCmu,40701988330
nokia,84,2024-09-04 13-02-09,-20167,-118,40704426280,-1600998599,UFgsQEaq,40721271291
nokia,39,2024-09-04 13-03-17,14076,102,40702741823,-103238384,sVbmtfMw,40752643914
nokia,-70,2024-09-04 13-04-38,-8909,118,40723279379,-900589812,STTeGnUr,40753827880
nokia,127,2024-09-04 13-01-29,24767,47,40713807918,842929509,MZDQEBAT,40728417228
nokia,-5,2024-09-04 13-02-37,-12512,-93,40718771444,-112581931,VPxxtXuw,40714941615
nokia,125,2024-09-04 13-01-52,-24077,-52,40763536203,141726940,GqMSwfGP,40764504756
nokia,40,2024-09-04 13-03-40,23027,-56,40732857247,-886623733,RxBJOYuC,40793256960
nokia,-50,2024-09-04 13-05-30,3104,-67,40748940690,-1209735813,HiMBLRGM,40796111470
nokia,111,2024-09-04 13-05-02,-17425,65,40718394347,-1778770157,hoiXehXH,40744540622
nokia,-58,2024-09-04 13-02-17,-17452,-91,40733040769,714496748,VcGvJELv,40764813558
nokia,-37,2024-09-04 13-02-13,-12014,115,40726055994,-1227642211,qFzzGGpg,40780360623
nokia,119,2024-09-04 13-01-21,17288,127,40757392734,-523786566,TlYiqbLL,40791990469
nokia,96,2024-09-04 13-04-54,31481,29,40793149402,-1557247663,wnZjNyJk,40736243324
nokia,21,2024-09-04 13-01-17,18023,27,40706457354,-1535724702,NzwfzOwW,40733365438
nokia,89,2024-09-04 13-01-38,-21579,79,40750699713,495936225,cVqQduCc,40761267410
nokia,116,2024-09-04 13-02-05,-7375,-96,40720949653,-263969649,HqDwOnqP,40778141691
nokia,-8,2024-09-04 13-03-56,27971,-77,40738013855,59138318,plfJxjxG,40784937805
nokia,1,2024-09-04 13-02-13,-7406,-48,40746927002,1096815084,YxBQjxKX,40736573925
nokia,64,2024-09-04 13-02-42,-1683,-73,40730522153,1988783013,CjtrqoCs,40772273043
nokia,-7,2024-09-04 13-04-39,28961,-1,40746332942,-874945517,kqEVoNSJ,40743781828
nokia,200,2024-09-04 13-04-32,-28633,62,40726578455,1778235317,AKkYUwfT,40731118708
nokia,86,2024-09-04 13-04-09,-1799,-23,40761993943,-2111072289,GduQEuhT,40753484745
nokia,-74,2024-09-04 13-05-36,-13887,19,40706947245,-1736040620,YmZBsZmP,40713635283
nokia,-28,2024-09-04 13-03-01,19872,-72,40735067949,1909988156,tabyqiMs,40742778829
nokia,10,2024-09-04 13-00-52,30146,-9,40722090857,-407703733,bTFfyRvq,40746812240
nokia,-68,2024-09-04 13-04-32,16486,110,40711229233,975597401,jdJSThZp,40740921672
nokia,-2,2024-09-04 13-02-06,-15566,40,40722969782,-1876387135,JnvUMAvi,40777136793
nokia,80,2024-09-04 13-04-36,14563,-128,40763157361,1228028231,xzHcBGll,40771680128
nokia,-98,2024-09-04 13-01-21,6754,94,40762089728,-2098921875,DeYeEEQb,40798693980
nokia,-121,2024-09-04 13-04-30,-4164,-53,40725639203,-870714448,YkssFhTW,40792553954
nokia,-85,2024-09-04 13-04-36,-24869,-70,40797360512,-2054772507,qtAomVSB,40780194519
nokia,-87,2024-09-04 13-04-26,31546,79,40759372793,-281672937,NkhKRVct,40715941609
nokia,70,2024-09-04 13-04-02,-14675,90,40729338702,-326888918,DHysQlSo,40715228376
nokia,90,2024-09-04 13-02-03,-10068,38,40784639682,797401093,PSaOyeCn,40712509946
nokia,-111,2024-09-04 13-02-32,-12157,59,40799669547,1858536836,ZWdrBdpG,40759076538
nokia,31,2024-09-04 13-01-30,-20882,-1,40780273346,1627926664,QwgxKCrY,40724557070
nokia,112,2024-09-04 13-03-21,19414,-75,40735989358,761934556,PFsdrILA,40728938129
nokia,-10,2024-09-04 13-04-01,8629,-114,40701490656,547192557,HXnqRQLg,40762628984
nokia,123,2024-09-04 13-00-39,-25930,-51,40738334852,710653603,qKSZFBuL,40797718103
nokia,-93,2024-09-04 13-01-25,-13557,125,40755869567,-1294635190,DAlDxPlx,40771006589
nokia,-75,2024-09-04 13-04-40,31943,-88,40776462734,-1207598695,pHhfxoOw,40781164800
nokia,-3,2024-09-04 13-01-39,-28344,-114,40756049436,388177519,eDYKlFnn,40785339479
nokia,-115,2024-09-04 13-05-10,15204,63,40706837257,-196950305,wixqAryZ,40755721790
nokia,-115,2024-09-04 13-01-11,-1448,63,40760950421,1917325849,wqnVSnmL,40719591321
nokia,112,2024-09-04 13-05-05,23772,57,40718064473,1000479768,dpjtijXv,40762821121
nokia,47,2024-09-04 13-02-26,1085,90,40746852052,-2586148,IlZITMmH,40773338399
nokia,-33,2024-09-04 13-04-59,-24429,-112,40731490989,2059979249,rcdrSuep,40790633514
nokia,115,2024-09-04 13-04-51,19163,33,40774368326,1260256810,eJUbLgIn,40726285598
nokia,62,2024-09-04 13-04-44,-3025,98,40728396281,-608541614,RIRtoKZZ,40788006064
nokia,31,2024-09-04 13-04-15,31997,120,40772357851,-1506913158,zKFazySE,40780698485
nokia,-95,2024-09-04 13-05-01,-14107,-26,40786246263,-1054427571,DyFEuoFH,40792593185
nokia,-128,2024-09-04 13-04-20,30996,-20,40769399307,41072746,RHoOdNgX,40726202025
nokia,61,2024-09-04 13-05-25,15936,2,40759224911,-1310178503,ZRGKpJin,40752542118
nokia,26,2024-09-04 13-03-24,8887,-78,40787169328,1615679259,RkAXuMcq,40763856883
nokia,65,2024-09-04 13-04-04,-21240,-49,40761526456,-2048441296,ZiIWCRvI,40784051771
nokia,33,2024-09-04 13-01-45,11159,-55,40780229516,-66939350,wgiCMOfz,40734301209
nokia,-86,2024-09-04 13-05-31,-1211,30,40760386398,-1204544654,IxlaGStm,40724195333
nokia,-93,2024-09-04 13-00-38,19241,-81,40794177761,-1639412092,xnqdiwVo,40787237058
nokia,-125,2024-09-04 13-04-20,28185,28,40774095440,1316792932,yabURJVA,40779907500
nokia,-127,2024-09-04 13-01-19,-6807,31,40765208276,-137093077,fopfwpEo,40747343585
nokia,80,2024-09-04 13-02-16,2714,126,40723164820,-997082494,xjWPhRmA,40758186177
nokia,-5,2024-09-04 13-05-27,6136,16,40781222422,-757452925,xflpugCk,40749836545
nokia,22,2024-09-04 13-03-57,20089,-39,40792373698,-44225467,nZnnLPki,40735801775
nokia,51,2024-09-04 13-02-53,32104,-128,40792647525,366017959,lhiyOQac,40783896435
nokia,-25,2024-09-04 13-05-08,27470,18,40795314249,-1975819011,weGCLBjt,40769264082
nokia,50,2024-09-04 13-04-21,-29531,-35,40760723639,797755239,MtwMHYzz,40710487289
nokia,-95,2024-09-04 13-04-36,-29989,-44,40714031984,-1299312466,ysLEDnMy,40720334765
nokia,67,2024-09-04 13-02-56,-29664,-12,40733362266,-2009682046,GpjCbzOv,40772037711
nokia,66,2024-09-04 13-02-39,1003,24,40736615217,443316812,KlmpdzWs,40713848624
nokia,0,2024-09-04 13-05-14,-8509,36,40768757837,880435277,eYpZArpb,40735677066
nokia,-23,2024-09-04 13-03-22,2936,-11,40717058088,-1143600112,UXvWGwFs,40737269496
nokia,-2,2024-09-04 13-02-18,2828,-128,40717921806,-1798202518,uyYNUsvJ,40707735638
nokia,-56,2024-09-04 13-01-51,10554,-42,40723174688,582506262,aOoleyIp,40765647084
nokia,-83,2024-09-04 13-04-34,-3211,16,40738459520,572427051,jXmJdGkQ,40739897362
nokia,66,2024-09-04 13-04-11,-12767,-47,40722139691,-1979926040,MjuKmAcp,40785101186
nokia,-62,2024-09-04 13-03-18,32064,71,40764033136,371103318,YsfgrtUF,40756993494
nokia,64,2024-09-04 13-02-40,-5017,-18,40725190540,-900929600,qaqehmia,40770671759
nokia,-87,2024-09-04 13-01-51,24567,-44,40704632942,-1867869275,bXrNYORL,40708116623
nokia,106,2024-09-04 13-03-02,26624,70,40799578039,-644630482,mtlffejj,40736116711
nokia,-13,2024-09-04 13-04-20,-4352,77,40729757912,-122699243,FbwWooiU,40782318583
nokia,120,2024-09-04 13-04-06,803,-80,40751449686,-1426832315,HrTkAZYc,40706908155
nokia,-87,2024-09-04 13-01-26,31907,-66,40784952095,1760180198,byHZYdgP,40777452960
nokia,102,2024-09-04 13-03-07,-3004,-94,40783535641,1356069474,MQMeyDhD,40701544364
nokia,122,2024-09-04 13-00-56,-1104,-16,40797439544,1959193732,MXhzszbp,40759866218
nokia,-6,2024-09-04 13-02-23,1914,15,40796111615,-1816518237,FWmaLQeV,40768603567
nokia,-107,2024-09-04 13-05-21,-20913,-52,40723813224,2067028197,fdRvfIcR,40762892135
nokia,-83,2024-09-04 13-04-49,-13247,61,40732143439,-1223152083,mvmzUeWX,40798171844
nokia,118,2024-09-04 13-03-22,29482,-19,40790952469,977095844,OfXfsmAF,40794247525
nokia,51,2024-09-04 13-03-19,-23401,118,40773806501,-631245710,RGRnWZLv,40791105028
nokia,114,2024-09-04 13-02-14,-14182,103,40785803796,-1795237345,uDAzfiiW,40750361584
nokia,65,2024-09-04 13-04-22,14005,35,40792862806,1706863381,hsWemzca,40734239089
nokia,88,2024-09-04 13-01-53,-16690,69,40769760362,-1607305140,DCagQzDE,40730968609
nokia,-120,2024-09-04 13-05-04,-31840,-66,40775679855,326533511,LbAJRmzZ,40724515765
nokia,38,2024-09-04 13-01-57,-30398,-101,40711383864,549703472,vkfGvtyd,40700440769
nokia,75,2024-09-04 13-03-14,-17711,69,40712490646,-1950386217,EbwUhjIu,40790034273
nokia,109,2024-09-04 13-05-09,23802,-11,40796746505,-1649383920,ynsybHSd,40728993140
nokia,-27,2024-09-04 13-02-48,-15768,63,40710959575,2105151309,QiCvMjmI,40700796161
nokia,-88,2024-09-04 13-03-56,3747,36,40756055092,262261888,nMRfQqWN,40769381394
nokia,107,2024-09-04 13-04-45,-19251,113,40754221649,-612988912,dXhTxGgZ,40703535863
nokia,-58,2024-09-04 13-02-05,25713,126,40738622487,-1695218816,LYrYATvN,40784041921
nokia,17,2024-09-04 13-00-59,-2275,50,40792127966,485875400,gpMISvNQ,40744890619
nokia,-27,2024-09-04 13-01-47,3021,92,40779108139,181836719,ekZDRIiE,40710328074
nokia,62,2024-09-04 13-01-54,-18617,10,40785384489,-1651152322,kefXVxIp,40723829416
nokia,25,2024-09-04 13-02-17,19862,-85,40709227401,159835111,AhmxYGTv,40793188375
nokia,-2,2024-09-04 13-05-06,9240,3,40759073994,1894212362,DGUJJVkg,40723657682
nokia,-79,2024-09-04 13-01-43,-15221,-3,40778082933,-823834800,zIcDaock,40795175182
nokia,-69,2024-09-04 13-01-57,-26698,85,40736130821,-380247154,lZIdCsdN,40751872818
nokia,-84,2024-09-04 13-03-33,-18325,69,40766473385,1507078221,ysIYnJjY,40762948335
nokia,98,2024-09-04 13-03-23,-3029,-44,40720102587,1777474560,yzcXRdgr,40798849199
nokia,-112,2024-09-04 13-04-35,31434,22,40719047365,-170337224,BGwWiSVp,40754708669
nokia,-78,2024-09-04 13-02-22,29032,87,40726124058,792088366,SHElHqiz,40763615405
nokia,25,2024-09-04 13-04-01,9907,-42,40738654016,388610325,eEfKHOko,40746173611
nokia,120,2024-09-04 13-05-28,-14624,33,40732997220,467581286,QlJfDXAi,40778077807
nokia,-4,2024-09-04 13-01-05,-22419,-20,40769948385,-1653131220,OFgbadXY,40727701629
nokia,-31,2024-09-04 13-00-55,-27982,23,40740033676,-428594623,mixKDQjq,40754527767
nokia,123,2024-09-04 13-05-14,12932,-112,40789248370,82148368,orexCgdv,40798624807
nokia,1,2024-09-04 13-00-54,-19108,-50,40790928259,229446755,lqEdguVo,40726359148
nokia,-44,2024-09-04 13-01-07,-20934,-102,40783384636,-1272932469,okFGkIHY,40723441288
nokia,-125,2024-09-04 13-01-39,10038,35,40754395287,-1346618358,vnXurzfS,40742241928
nokia,-105,2024-09-04 13-01-37,-22308,-96,40743842654,1149491794,FMiWNLRn,40756527389
nokia,56,2024-09-04 13-01-19,12162,-13,40761815591,-1092308705,ucvpUeCT,40777247708
nokia,-104,2024-09-04 13-05-29,-26623,16,40736471698,820659538,GuOexOCx,40719004503
nokia,79,2024-09-04 13-03-52,-8029,-108,40738834509,2107779054,URKCxoyP,40735614426
nokia,-35,2024-09-04 13-03-29,24149,-3,40760989812,-1667326193,PyFXLBqF,40720993461
nokia,-124,2024-09-04 13-01-01,29750,-64,40758243697,1556741343,nnEnQDWe,40768541943
nokia,-96,2024-09-04 13-03-11,-30994,-53,40759605226,715799302,teNqHZRe,40796719023
nokia,58,2024-09-04 13-01-46,-27693,-38,40797885199,2071439088,smrTnaCE,40735035484
nokia,1,2024-09-04 13-02-44,-5065,10,40760139931,-938127582,bmDpHNIG,40765386113
nokia,74,2024-09-04 13-05-28,-4107,-22,40771819336,-1845516296,WUtBVjnx,40795132201
nokia,-58,2024-09-04 13-02-00,-21403,-117,40741600824,-931160718,gxgKDZhK,40771664751
nokia,35,2024-09-04 13-01-45,940,78,40715376028,-1613751208,dEftYhqj,40756630622
nokia,-66,2024-09-04 13-05-29,20287,-36,40725424793,1846907104,BKiVWfSW,40768284313
nokia,-110,2024-09-04 13-05-05,13642,26,40710356676,-608485987,AmynpLzz,40763965136
nokia,42,2024-09-04 13-03-15,-24419,34,40717836852,723556907,UmnAcrjw,40775168792
nokia,76,2024-09-04 13-03-03,-22063,-24,40782125438,1379019236,BTjnvuGX,40729951487
nokia,-68,2024-09-04 13-04-42,11567,66,40733947767,1067947426,dRlYoIRA,40754318323
nokia,-13,2024-09-04 13-01-32,29896,-93,40757392805,1720147264,zLuGMYBA,40782205966
nokia,31,2024-09-04 13-02-55,12460,75,40728619145,618253017,oCKaevca,40720453530
nokia,117,2024-09-04 13-04-36,6307,20,40703954722,-539562639,FZWKWrbj,40775887878
nokia,17,2024-09-04 13-01-41,-8393,64,40763700795,1875794106,WEGXxfzL,40705060775
nokia,58,2024-09-04 13-04-00,18860,-5,40715586702,-1243390862,KrlRuolt,40731958348
nokia,57,2024-09-04 13-00-54,-16204,-84,40725202460,342107664,ObqZQisJ,40722529154
nokia,-57,2024-09-04 13-01-41,-29576,74,40781390370,73976136,uCDXZmZX,40762727525
nokia,-89,2024-09-04 13-01-15,-25031,-87,40700110838,806251466,XMWlNpIn,40765760507
nokia,105,2024-09-04 13-05-25,-30989,62,40794245956,-1410648779,hNUvUMLs,40754922707
nokia,83,2024-09-04 13-00-52,24368,-117,40741533685,633148706,JeWerqqQ,40723133351
nokia,64,2024-09-04 13-02-20,26029,-19,40750231590,-1912636738,vvfpTmTQ,40731519045
nokia,-72,2024-09-04 13-02-46,16650,31,40729054046,-653542554,mdcXzObz,40743226237
nokia,28,2024-09-04 13-01-32,9382,72,40783537588,-1515963723,MbIvVHev,40721745020
nokia,9,2024-09-04 13-03-01,5435,64,40772559259,35615934,dkFHjGAX,40717455823
nokia,76,2024-09-04 13-04-41,7645,-91,40794634534,-580650704,JqtCYjkp,40782798471
nokia,86,2024-09-04 13-04-33,-28999,-113,40764264340,-1542919485,lUvulhol,40799825746
nokia,92,2024-09-04 13-01-33,-17548,-58,40759084694,1695628421,BgxPkSqE,40712591442
nokia,-43,2024-09-04 13-04-16,1970,-88,40720011523,-560842502,DuoOHgFO,40730896046
nokia,-91,2024-09-04 13-04-39,32582,-126,40794067965,1022478569,mPdImDbC,40747551211
nokia,111,2024-09-04 13-01-30,23611,20,40701322056,-253732434,rbbPcwLk,40799473613
nokia,40,2024-09-04 13-01-33,25411,52,40719959179,1859077165,AhBuOWij,40723196535
nokia,-2,2024-09-04 13-03-17,-13121,82,40749125289,-1525484922,iZkPgLdK,40709607109
nokia,-71,2024-09-04 13-03-00,-30657,-27,40764299365,1668111405,nUGlMLzm,40706069451
nokia,2,2024-09-04 13-05-20,28184,81,40742706335,-1324344911,sUctPHpm,40786000348
nokia,-58,2024-09-04 13-01-50,7365,44,40717426824,-712481744,IioYpFqD,40761158098
nokia,104,2024-09-04 13-01-06,-8053,-112,40718076300,1304243150,lKftqtHv,40706391001
nokia,21,2024-09-04 13-01-55,4220,-119,40738714661,-633050568,AHEBCKke,40724412707
nokia,3,2024-09-04 13-01-53,-32087,-122,40704777617,450192039,Dyqatmrh,40758670113
nokia,-82,2024-09-04 13-04-20,-30279,-25,40748283970,1880630697,LgWkCUAU,40783647141
nokia,54,2024-09-04 13-01-30,-31423,-11,40728870778,1834335533,dnzjQnCE,40751839564
nokia,18,2024-09-04 13-03-17,-19041,-97,40730192556,1267398958,BfBjXXkw,40734819924
nokia,-36,2024-09-04 13-01-36,-19242,-22,40772882163,-2117635355,dOArWWeg,40747042058
nokia,-22,2024-09-04 13-02-48,-31536,104,40759082936,424913487,sDRhDXvi,40794050624
nokia,71,2024-09-04 13-00-47,5566,37,40716960572,-339995408,CqypwYmo,40716029055
nokia,54,2024-09-04 13-02-45,-18647,-52,40789493372,-183899244,WTvwyytx,40729824871
nokia,-13,2024-09-04 13-04-46,-23998,-44,40763850167,-1833722933,LXGMLdPf,40707412822
nokia,55,2024-09-04 13-02-57,-31361,-43,40774256879,525564536,AKuUbcLk,40788383270
nokia,91,2024-09-04 13-04-45,11034,-68,40716961969,-1634318057,LKCvHIXn,40740976501
nokia,39,2024-09-04 13-00-38,-20838,112,40767288897,-317142158,GXzAXzak,40762528900
nokia,1,2024-09-04 13-04-41,20536,-95,40749609110,2034023763,nPxWDgNR,40701691612
nokia,-87,2024-09-04 13-02-05,1162,32,40703457653,-1247932710,BuNgByVf,40706964039
nokia,78,2024-09-04 13-04-39,-11403,10,40773591589,779656505,tPwgjvcl,40789722091
nokia,-35,2024-09-04 13-03-07,1294,53,40756939115,894347240,eubfNImv,40786722217
nokia,81,2024-09-04 13-03-44,-2449,-121,40748326184,-78841903,uyDDmmDQ,40738055301
nokia,116,2024-09-04 13-02-33,-22224,8,40764816197,-198008325,VzExfwbA,40720425417
nokia,11,2024-09-04 13-03-26,-10018,92,40732925695,1758817992,zzpijSoN,40797433045
nokia,54,2024-09-04 13-04-42,16780,60,40721746120,-1408900682,oiUsHKXt,40728337871
nokia,104,2024-09-04 13-03-12,10165,36,40706512611,1392540012,qjyuiQTK,40717823406
nokia,-29,2024-09-04 13-01-34,-25920,108,40743559404,1851496493,BonvpmSa,40717692877
nokia,92,2024-09-04 13-02-05,69,-27,40753825296,-1216677144,NywqZQRi,40768547380
nokia,35,2024-09-04 13-03-09,31194,39,40713472052,-415074970,TShTiRKD,40709089916
nokia,-85,2024-09-04 13-03-57,1022,-10,40782298709,87232438,CMixJtSK,40780468314
nokia,-115,2024-09-04 13-00-52,-17600,-77,40762376988,562129148,HFaWSUPn,40765064629
nokia,93,2024-09-04 13-02-19,-7035,-108,40766734547,1579792291,phVtsFJv,40766669741
nokia,47,2024-09-04 13-00-48,-9366,22,40707539879,915725222,UBbPhHUz,40708929227
nokia,104,2024-09-04 13-04-09,30276,-29,40773733185,1940848651,xhUscqGT,40794334918
nokia,-4,2024-09-04 13-03-54,10417,-83,40761820511,-2094118254,GLFUSJAV,40733796060
nokia,87,2024-09-04 13-05-01,11350,-70,40715849666,-436413040,UfWyyqnk,40723596073
nokia,-108,2024-09-04 13-03-49,25259,-3,40743121043,1847554795,bFxxExNU,40737190245
nokia,-2,2024-09-04 13-00-46,13962,122,40750798720,-1564261585,glbZqPzS,40731957345
nokia,-6,2024-09-04 13-03-56,20662,98,40739264145,685555900,ZXSeuKBT,40713305131
nokia,-66,2024-09-04 13-01-08,-32156,91,40709667639,-1695063010,bncDghCD,40706784253
nokia,48,2024-09-04 13-01-40,-2372,-87,40793810903,157013184,dOenokut,40708286821
nokia,-32,2024-09-04 13-01-35,22810,-7,40787158053,298138920,eLpBbkjr,40769244212
nokia,-52,2024-09-04 13-05-20,30900,109,40752980923,-1749954523,UQevsAps,40708792493
nokia,-29,2024-09-04 13-02-55,-27112,78,40722310398,701973613,vTnjHKDm,40716790079
nokia,69,2024-09-04 13-03-00,32179,21,40710985823,1631657810,hSWGbpgz,40770548389
nokia,90,2024-09-04 13-03-59,-4565,-96,40790884937,1257425407,ZOEEmqzn,40759430865
nokia,-69,2024-09-04 13-02-42,-25211,36,40780884982,-847284770,mFRHOkPJ,40766189430
nokia,1,2024-09-04 13-01-55,-12797,-12,40782237744,88895536,FxsKEJwX,40756370765
nokia,-109,2024-09-04 13-00-54,9378,-44,40742230056,888816168,xWDkHuWl,40758888143
nokia,121,2024-09-04 13-02-40,5381,61,40766683427,-329472839,RnBTygQm,40711314350
nokia,25,2024-09-04 13-03-44,-7271,46,40732939199,1140793769,DTmHlabY,40799991198
nokia,-64,2024-09-04 13-03-15,16887,-97,40799000501,-1128565989,kGfWxslS,40789315037
nokia,-124,2024-09-04 13-05-18,14279,32,40743085516,336770017,WyibkFwu,40729256600
nokia,-17,2024-09-04 13-00-53,-9296,113,40788837812,242467091,cBgaZzba,40776544017
nokia,107,2024-09-04 13-01-06,-18088,88,40717654527,-140103432,kMqlidIA,40731289797
nokia,109,2024-09-04 13-02-33,-20520,-97,40755675345,768037693,VtULLsKx,40769345796
nokia,-34,2024-09-04 13-01-05,29769,-88,40773514289,1112470218,DDvYOUYb,40796407438
nokia,-70,2024-09-04 13-05-26,19114,-120,40763166876,-491357265,CLqmHCRL,40708990293
nokia,32,2024-09-04 13-02-29,28211,114,40774872820,-1994227607,reqlZPrQ,40722073727
nokia,-6,2024-09-04 13-00-42,-16057,121,40731142559,1415255504,BdzZkOaY,40714782357
nokia,80,2024-09-04 13-04-10,13484,-117,40741109839,831371716,lsVuWoAk,40719200152
nokia,-52,2024-09-04 13-02-17,19778,-103,40719545354,1711469500,bMXeWVpq,40747624654
nokia,116,2024-09-04 13-04-46,-24922,-48,40762029018,1511542385,nxzyfcPa,40744967929
nokia,-89,2024-09-04 13-01-28,-2025,-32,40780763480,1283439568,eCENbTYq,40742774839
nokia,78,2024-09-04 13-03-35,25575,72,40710458219,-1059053960,NzNjQsEh,40724076045
nokia,117,2024-09-04 13-04-23,12797,102,40705992031,1571269355,SearpukP,40731780384
nokia,-85,2024-09-04 13-02-03,-15184,-74,40702829798,1983319455,rfxgqafG,40755983327
nokia,-105,2024-09-04 13-04-19,-27059,63,40731620452,1937980044,wtzchqGe,40703831746
nokia,111,2024-09-04 13-03-50,-13013,-16,40789434377,-1541497703,LusIGfPX,40799628728
nokia,45,2024-09-04 13-01-24,-17656,80,40738843608,1668918024,RZomfMBQ,40727978129
nokia,-72,2024-09-04 13-00-42,-24466,23,40768290924,-663466767,CxUnBDSy,40783322309
nokia,-1,2024-09-04 13-00-50,-1492,101,40746333886,748962206,GtJcQfaW,40751910928
nokia,-65,2024-09-04 13-03-23,-7358,-77,40757537530,-1561338181,sYmVUQtU,40785237203
nokia,-56,2024-09-04 13-03-42,-7625,50,40723038688,-1245749140,SLHwtYOL,40768459939
nokia,-73,2024-09-04 13-05-34,-14501,-71,40781861583,-1249339915,ISJYdiAW,40755318231
nokia,25,2024-09-04 13-01-42,23707,-80,40796039807,1412609666,awuPUQRw,40718818032
nokia,14,2024-09-04 13-03-55,-2026,33,40701108415,-1428679801,nrlqxgfc,40747167259
nokia,-8,2024-09-04 13-05-12,23460,101,40732381461,124947912,eJeUijNx,40752297176
nokia,10,2024-09-04 13-00-51,-15083,-100,40759102610,-6316027,pNjoXJpE,40711434664
nokia,-69,2024-09-04 13-00-58,29571,8,40719370617,-284215826,QXzkaEjp,40700582581
nokia,38,2024-09-04 13-04-30,33,-79,40716400671,-2088709973,viBnPcBB,40778166635
nokia,121,2024-09-04 13-02-21,17611,-105,40754469700,1525504414,OCYdydXq,40750556068
nokia,-92,2024-09-04 13-01-50,27852,91,40703888892,-1881515374,DzhliKFC,40744116768
nokia,-2,2024-09-04 13-03-13,22990,-114,40795088002,-1722470650,gXcQepZb,40777097400
nokia,127,2024-09-04 13-03-06,30821,122,40708440236,-908397096,nCFQDiii,40769458647
nokia,123,2024-09-04 13-02-40,3998,35,40777510181,784177449,klQqQfGE,40716026402
nokia,116,2024-09-04 13-02-48,-22556,-116,40721070663,1929379673,hkwRyyMH,40759568994
nokia,123,2024-09-04 13-03-01,-20177,-107,40710623772,-345160015,cneULCSI,40767849078
nokia,47,2024-09-04 13-03-26,-12808,76,40759339996,-198266751,EmseFwXp,40778847905
nokia,-68,2024-09-04 13-05-05,-25080,42,40702558826,1250829957,mubuVjPA,40716346657
nokia,2,2024-09-04 13-04-25,15416,-59,40771570325,171785457,GcbgejtM,40771072656
nokia,106,2024-09-04 13-03-22,-13367,-61,40720567616,998733672,oOIAnhav,40711028045
nokia,124,2024-09-04 13-05-35,21116,45,40701065409,-124743121,HOSqmaju,40751189862
nokia,51,2024-09-04 13-05-17,-32044,20,40784031389,1099032765,BLOtelkb,40785948688
nokia,-65,2024-09-04 13-03-56,-13197,113,40784190449,1510873394,mbzpFwdY,40775222824
nokia,-123,2024-09-04 13-02-18,-31900,-104,40713963386,237167143,mpvLhDtV,40739358824
nokia,55,2024-09-04 13-02-18,-28158,64,40728678788,-1480286594,hDObkxlM,40765370458
nokia,-36,2024-09-04 13-04-00,-21873,-117,40712489910,421545579,jUvppNUy,40747022603
nokia,-99,2024-09-04 13-04-03,-5441,-48,40706465274,-459515581,tiHONdsp,40759174839
nokia,-34,2024-09-04 13-01-24,32120,31,40722660267,-52799523,KDzooWZP,40777794661
nokia,112,2024-09-04 13-01-30,-27930,-34,40728646469,178645494,enKpAOch,40789380508
nokia,-40,2024-09-04 13-01-17,-30259,-11,40711021101,-439118257,IRoheVBS,40771421662
nokia,-111,2024-09-04 13-04-25,16887,111,40774032757,1910652843,IHJthGLC,40781563558
nokia,98,2024-09-04 13-04-38,8930,119,40700891332,-1373990853,SVBNrchC,40721278409
nokia,-40,2024-09-04 13-02-38,22347,-63,40786860898,-735521424,ehkEBeUq,40793657637
nokia,-84,2024-09-04 13-05-18,27149,-105,40775381102,-2078958503,kcUWwZIS,40758412511
nokia,84,2024-09-04 13-02-28,-15402,59,40755896835,1212241915,mwzjvlyI,40735836479
nokia,99,2024-09-04 13-00-43,-23670,-103,40728519513,-1552045202,UuUsLAva,40799389730
nokia,-122,2024-09-04 13-03-00,-10453,56,40741058841,-1806335758,mGRaeSNp,40752533511
nokia,71,2024-09-04 13-01-50,26863,40,40789119454,928470216,SGgWYenB,40773674450
nokia,-5,2024-09-04 13-05-09,-32365,71,40727875082,535718207,ECZcxmwS,40703515947
nokia,-41,2024-09-04 13-04-03,25505,11,40721789695,-892535144,YbuaMmGs,40739488173
nokia,-19,2024-09-04 13-01-14,18277,-107,40727329375,754371904,wseAtNpb,40749601060
nokia,75,2024-09-04 13-02-45,6955,38,40766112760,-666727709,sszURLVT,40727815970
nokia,108,2024-09-04 13-04-34,-20734,65,40765882644,1191985219,AgRzIYlx,40794209118
nokia,-67,2024-09-04 13-01-37,-29689,-117,40780992459,-1951404488,GPJFXuKm,40719159097
nokia,-83,2024-09-04 13-05-09,-23192,43,40707342561,1739081414,jJwVhBjC,40727699889
nokia,-109,2024-09-04 13-00-58,-11246,110,40787915299,2047525979,wqdmtUFB,40759125310
nokia,-55,2024-09-04 13-00-37,15322,24,40783609760,-936775830,CFMiYXKn,40765532072
nokia,-127,2024-09-04 13-03-30,-4725,27,40770649424,1346932186,npGiybOr,40741864013
nokia,78,2024-09-04 13-02-57,12637,118,40720087068,-794930799,BYURnioI,40762892880
nokia,96,2024-09-04 13-04-54,23296,100,40785345681,-44441922,zuqOMluE,40781803862
nokia,31,2024-09-04 13-00-59,2721,53,40792995380,1247747653,eUsFEPNq,40738998156
nokia,73,2024-09-04 13-01-07,-30400,95,40765565236,1660963780,USclsVoN,40767661876
nokia,-39,2024-09-04 13-03-05,8726,9,40715473609,-1816394726,FLndaEBe,40766650576
nokia,83,2024-09-04 13-02-29,5205,34,40767533126,-1199354505,fGpEfKBq,40716102702
nokia,115,2024-09-04 13-03-45,17577,80,40721605850,-1876034085,zNhDCzRF,40743120614
nokia,-7,2024-09-04 13-02-08,6552,37,40799673851,-1299913347,OQdgcBrz,40738287752
nokia,122,2024-09-04 13-02-51,11200,-26,40739998257,1155957608,YqfHNOsV,40731235292
nokia,31,2024-09-04 13-03-05,-23197,-54,40701279043,1460621685,bYLufMpY,40798901846
nokia,-47,2024-09-04 13-02-25,-29160,-108,40778533305,-977128603,cbwjtvTx,40769316996
nokia,-19,2024-09-04 13-04-33,21679,45,40770816431,-56451539,UBvJfdPz,40717869606
nokia,127,2024-09-04 13-03-04,23930,-106,40706252891,388220950,dCdaIQAE,40739693019
nokia,-28,2024-09-04 13-04-34,-7722,-56,40752847325,1676977336,VqrNfUtx,40759436510
nokia,-15,2024-09-04 13-05-10,-31173,98,40774053069,-188932496,CpAhIorN,40709672868
nokia,-36,2024-09-04 13-04-21,17599,-118,40793690608,2053029066,ZiFqvfeH,40753803454
nokia,-52,2024-09-04 13-03-08,27439,100,40731659694,-783044462,glImtHzJ,40795798916
nokia,70,2024-09-04 13-04-06,-11489,-44,40738094323,1471866252,pPnktmDw,40705503012
nokia,-111,2024-09-04 13-01-53,27116,9,40798697630,209295435,jSCnrgtT,40755887788
nokia,124,2024-09-04 13-04-08,16802,-94,40778729205,624303776,eQFZBUpU,40721857914
nokia,71,2024-09-04 13-05-18,-18012,-62,40792883133,-1030735471,yJnDhsot,40724132137
nokia,-64,2024-09-04 13-01-07,2055,6,40756771984,2037587034,ThKhohSP,40724447446
nokia,-128,2024-09-04 13-04-37,-10410,80,40751283190,1950711793,kkACaOeP,40720352079
nokia,18,2024-09-04 13-03-25,25350,96,40790351043,1728801919,grKrtzNy,40750493531
nokia,125,2024-09-04 13-00-52,14073,49,40740114407,1596594463,jCoUXYtJ,40741477296
nokia,-71,2024-09-04 13-04-54,10379,84,40746626839,-1127480361,zZnVnUDy,40746927313
nokia,-12,2024-09-04 13-03-24,13450,99,40759955836,80477608,NvRGUolC,40797243924
nokia,-16,2024-09-04 13-01-51,-29412,22,40726950950,1451563098,JQaMinUY,40789358449
nokia,-38,2024-09-04 13-01-03,-24327,14,40789268272,-79716736,axUmdycx,40753261189
nokia,47,2024-09-04 13-00-40,17359,-25,40713477434,1982802700,PeOKWhjZ,40703305104
nokia,-87,2024-09-04 13-04-19,-14067,85,40710454623,-1243879305,mwTfUrsC,40736062312
nokia,30,2024-09-04 13-01-10,9372,-121,40731846151,-1865317703,UijLTWcV,40765132233
nokia,80,2024-09-04 13-03-50,24683,101,40778322915,583742961,TXCfAZEE,40764555650
nokia,6,2024-09-04 13-01-27,3781,-47,40711233474,869516707,qVsmTKFa,40795909615
nokia,-108,2024-09-04 13-02-53,-30546,37,40757760405,-1098131187,NfmVxaFx,40795480342
nokia,-36,2024-09-04 13-01-47,16451,-87,40764447426,1611872023,QDqkzYdR,40723658634
nokia,-58,2024-09-04 13-00-49,5650,-82,40757589955,-1965540400,XqzfJJcI,40787091378
nokia,71,2024-09-04 13-00-44,-23206,86,40797957340,396529733,RnRGYBZR,40761843291
nokia,127,2024-09-04 13-03-31,-3129,-60,40776168818,-64202387,CfxtMPnE,40713380720
nokia,25,2024-09-04 13-02-13,1765,-52,40753140463,-447813058,pnOkjMlZ,40794754948
nokia,72,2024-09-04 13-03-06,-9471,89,40716407740,-1915098841,uDlkRMwm,40726325675
nokia,-81,2024-09-04 13-02-30,23894,-5,40775822399,-1937588292,zYEaLvbv,40784526052
nokia,-108,2024-09-04 13-01-08,-28578,39,40783082950,1150526674,pbNaOlRk,40790411899
nokia,105,2024-09-04 13-00-40,27946,-126,40761522089,-1858746481,CnffiRrZ,40756493762
nokia,-45,2024-09-04 13-03-11,-15465,-75,40799432847,1400698822,IJIgZwsN,40739033753
nokia,57,2024-09-04 13-02-03,8907,49,40776914991,487500465,YEezvoqP,40797199538
nokia,-62,2024-09-04 13-01-26,-7825,-46,40730901732,-1138337979,EgCwWnnF,40712547989
nokia,54,2024-09-04 13-05-05,23802,52,40713818085,-1267508480,ACnGLPPE,40753142282
nokia,-36,2024-09-04 13-05-28,31220,101,40734058041,1334892074,vlEieMSS,40796618721
nokia,-39,2024-09-04 13-05-17,-5714,-123,40717795537,413407689,LDZtdIST,40772934022
nokia,93,2024-09-04 13-04-52,13979,-25,40742340081,194727710,pLpQwcKn,40766829824
nokia,-71,2024-09-04 13-01-49,9568,120,40786603185,-1282712893,YZHOVUQn,40721068656
nokia,70,2024-09-04 13-03-21,7996,13,40797454386,1765179481,buiMjFgu,40797885500
nokia,-85,2024-09-04 13-02-58,-14990,-9,40748800780,1812284619,ZcjAcmlC,40757644663
nokia,53,2024-09-04 13-05-00,19066,1,40777122830,1592244722,URFBmaty,40728454150
nokia,23,2024-09-04 13-03-17,-23480,20,40776603027,-154990188,msymvKuU,40772207112
nokia,-42,2024-09-04 13-04-08,-9885,89,40725487106,-1360745720,oxblnBUZ,40791749065
nokia,58,2024-09-04 13-02-17,-9153,-29,40706805054,-1353149670,VfIeMfIR,40700367298
nokia,-128,2024-09-04 13-03-57,-4660,68,40737627233,-288157166,olXMoBLh,40725361731
nokia,-9,2024-09-04 13-01-22,-28307,5,40767046863,1513016287,chaMqyAr,40760653868
nokia,18,2024-09-04 13-05-34,-18814,47,40784061652,-1296118693,HZYObaEb,40783547377
nokia,-17,2024-09-04 13-02-40,-28509,41,40709585332,-736549424,dYTKlCQf,40718784554
nokia,-20,2024-09-04 13-01-35,222,-105,40776640606,1766002908,PGTvgWdl,40767245179
nokia,119,2024-09-04 13-04-13,-11164,47,40761114013,1042117348,OpblqaXB,40728610217
nokia,-20,2024-09-04 13-01-11,14716,-77,40759095246,-107868756,FIgywytI,40770141619
nokia,69,2024-09-04 13-03-25,21288,6,40761897474,554879986,fgRcTWAf,40710210543
nokia,-51,2024-09-04 13-00-56,-28388,-66,40719006002,-620566466,JUjmhAty,40779770149
nokia,62,2024-09-04 13-03-03,-16408,10,40789613771,1254179024,FPygrXHo,40771230061
nokia,8,2024-09-04 13-04-23,-22018,-2,40797128303,-1624807583,PTxhfrzr,40716964693
nokia,-49,2024-09-04 13-05-01,-23872,102,40742614165,994002121,QgDNQJIZ,40731665661
nokia,10,2024-09-04 13-03-14,-5929,17,40765684204,1695003413,elmalSNU,40778772224
nokia,-53,2024-09-04 13-03-26,-17130,-60,40734786572,204312497,iRFYMObb,40776045455
nokia,92,2024-09-04 13-01-56,18211,-89,40793233425,517475901,fJEYxwQZ,40796023960
nokia,111,2024-09-04 13-04-15,23812,-41,40787643282,898862182,kEBTTudy,40740080843
nokia,-13,2024-09-04 13-03-02,-14859,57,40713181782,-556263073,uSOsACKT,40765353090
nokia,8,2024-09-04 13-01-47,5545,-27,40704897401,-1506244656,MrqtJkNi,40780691140
nokia,105,2024-09-04 13-04-43,23114,31,40762661431,-1294472935,FCJolepR,40711593765
nokia,-66,2024-09-04 13-00-42,-12069,-94,40707891074,-406485171,xxzRmbod,40720035724
nokia,-58,2024-09-04 13-01-15,-6571,-36,40704797458,1100382957,resUfOCp,40782078893
nokia,-116,2024-09-04 13-04-14,11961,80,40767986659,1159220765,dpOMSXKU,40769242789
nokia,113,2024-09-04 13-02-43,2098,106,40766338997,-50916335,QgDpLHRE,40750194090
nokia,-53,2024-09-04 13-03-51,28899,-30,40736749415,-272248480,ELErpsCg,40778551876
nokia,40,2024-09-04 13-04-11,11845,37,40704576097,-678726121,BiNsMxIp,40744123168
nokia,34,2024-09-04 13-03-04,10386,-12,40772581710,553810624,RuXefWAp,40786179644
nokia,120,2024-09-04 13-03-30,-15320,54,40734518659,2124468670,oxcuIlHB,40744296898
nokia,64,2024-09-04 13-02-42,4088,104,40759663876,-1034884515,ugpNivAI,40761397682
nokia,-67,2024-09-04 13-04-29,27071,-5,40712068985,-1063014859,qbINdzsV,40797173132
nokia,105,2024-09-04 13-02-42,20022,-31,40764978216,392385169,PjrMwadY,40781761793
nokia,64,2024-09-04 13-03-33,-25603,86,40741313219,1302421121,uNUJjNEZ,40712717301
nokia,26,2024-09-04 13-01-35,-16095,54,40776028891,1699202463,kJNPvSVw,40747023435
nokia,84,2024-09-04 13-02-23,-20851,43,40784660121,-448919571,iPhberDv,40747456806
nokia,-25,2024-09-04 13-04-54,-18428,46,40785570014,-1181680682,UvZEafmH,40710124664
nokia,-5,2024-09-04 13-03-48,-12120,-24,40738027844,1133607927,MAALEuTN,40707527298
nokia,81,2024-09-04 13-04-02,21598,-54,40700790534,-91890886,QmrZDdWU,40759423682
nokia,73,2024-09-04 13-04-02,19578,-84,40750682590,-1530072365,EkmgMSFL,40776439338
nokia,-19,2024-09-04 13-03-12,-8985,23,40760720626,-1065142444,xCZjqdbE,40735937633
nokia,-125,2024-09-04 13-01-11,6096,-75,40733187501,921593916,wUYitiHp,40773437624
nokia,99,2024-09-04 13-00-51,-30298,-82,40767389903,857024658,geAxtpTF,40728213222
nokia,-104,2024-09-04 13-04-09,-30469,110,40716022884,-1869614141,mXkKxZfo,40742089360
nokia,103,2024-09-04 13-00-36,-13033,-127,40735365449,1310888953,VFFJTPJX,40711348000
nokia,64,2024-09-04 13-04-20,-31632,-92,40751512393,1675456607,LRmyJgeM,40708437413
nokia,94,2024-09-04 13-04-50,27567,64,40729810385,-809043283,bXQTXgoM,40706972863
nokia,65,2024-09-04 13-04-33,-5307,112,40739872478,1718690118,ZfXwKIZk,40760065536
nokia,117,2024-09-04 13-04-37,12782,100,40772175716,-1541163130,PfxhzhdN,40702945533
nokia,7,2024-09-04 13-05-00,18710,95,40723993927,-1107442007,iTGamJes,40739973871
nokia,39,2024-09-04 13-02-04,-21673,49,40750662072,-926962390,ikkasZIF,40799219594
nokia,-79,2024-09-04 13-03-48,-17634,42,40744103735,919165764,mAXBfHZl,40766210737
nokia,-120,2024-09-04 13-03-01,-21216,-70,40730222816,1282954291,jGTtxYkd,40794300427
nokia,-35,2024-09-04 13-01-02,522,-80,40768101161,-1906879290,oDNAVooq,40796989358
nokia,-55,2024-09-04 13-02-29,5153,-121,40785635209,1483786783,gnsjaBhk,40786867889
nokia,-65,2024-09-04 13-03-33,28997,4,40782252058,-1333423597,ZIXNLpRn,40751153198
nokia,-93,2024-09-04 13-04-52,-24354,-33,40703063211,587233358,AHoDnxVd,40790902714
nokia,113,2024-09-04 13-02-33,12861,-45,40729764744,-1513850400,DDjETyGc,40734763441
nokia,-34,2024-09-04 13-05-02,-19576,127,40799002609,1566868772,xVWvDxcK,40713675807
nokia,-19,2024-09-04 13-02-30,-25693,-2,40770972399,235932755,tffCgxIR,40780396449
nokia,-76,2024-09-04 13-01-14,-1563,-68,40773891601,142584900,hmUOqJqE,40792185181
nokia,-34,2024-09-04 13-04-40,-5592,-85,40702853037,597513094,JURhiMWh,40781417973
nokia,-33,2024-09-04 13-05-16,19448,-21,40762161588,644961920,KnXMDVzT,40739018999
nokia,33,2024-09-04 13-01-54,24024,10,40722427856,-1574428569,uVilPxyQ,40712017758
nokia,-8,2024-09-04 13-05-22,17157,-62,40744053038,1235441511,GSYAAfWK,40721748044
nokia,12,2024-09-04 13-00-37,-9809,58,40792065176,-692800715,AoHAHkkk,40716735173
nokia,-111,2024-09-04 13-01-42,3447,-16,40741105066,562960255,eEnqcqUC,40756401163
nokia,28,2024-09-04 13-05-27,-22378,7,40794747635,-546165161,tlFqoSrV,40723098088
nokia,71,2024-09-04 13-01-20,1881,54,40748328321,-437205653,duAqwfmj,40737083841
nokia,-128,2024-09-04 13-04-26,-4183,107,40704452853,106287686,gKdSHcbV,40733651889
nokia,21,2024-09-04 13-05-09,-4657,-117,40741436581,1030979131,YABxcwTZ,40751811707
nokia,-34,2024-09-04 13-01-30,-16741,66,40759548247,551459046,ZomWBCFg,40739858382
nokia,-78,2024-09-04 13-04-45,15778,-108,40736469164,-1426056524,JphPZQnh,40778032432
nokia,113,2024-09-04 13-02-24,-4760,95,40749840123,-1344549480,GECZRoKg,40717351657
nokia,26,2024-09-04 13-01-36,20359,-118,40767456593,-1258536685,DhhLjiQQ,40708641755
nokia,43,2024-09-04 13-01-30,-14242,-88,40771917092,-1378912540,YTtAbIoj,40760916701
nokia,-39,2024-09-04 13-03-22,1571,112,40719862798,511462197,ENalAone,40767829386
nokia,95,2024-09-04 13-01-17,-32651,125,40728018518,-1119195494,xyOQJTpy,40786946087
nokia,-68,2024-09-04 13-01-09,-4067,-70,40757683973,-1957274742,rhjinsMU,40721042348
nokia,121,2024-09-04 13-03-11,-17001,-9,40775086499,-1902482427,wINijNXn,40791601717
nokia,118,2024-09-04 13-03-15,-13181,59,40776685343,-660062043,RtkTeGPp,40719912513
nokia,105,2024-09-04 13-03-59,28548,100,40731022816,327406533,VytYuUrK,40708070851
nokia,6,2024-09-04 13-04-12,3416,-66,40732375047,1930540427,XvASTDzc,40776348254
nokia,-49,2024-09-04 13-04-15,25443,20,40715549001,434773898,PErSnsgJ,40774681345
nokia,20,2024-09-04 13-03-38,30384,-10,40754478762,847469813,WoNRSyJB,40782155195
nokia,89,2024-09-04 13-03-36,32550,67,40748790348,1996317619,oseVuFfY,40725707928
nokia,24,2024-09-04 13-02-09,12023,44,40776853090,165161790,WtcZyDqx,40715038499
nokia,113,2024-09-04 13-01-51,-3261,66,40755073998,-464597906,zBmgUZIl,40751510341
nokia,-6,2024-09-04 13-00-47,834,-89,40749321295,1485194792,xyCnNqNg,40785916073
nokia,-61,2024-09-04 13-01-01,-1236,-2,40782637394,-1769054877,IYNjlrBp,40770828409
nokia,-68,2024-09-04 13-02-24,-474,46,40777222679,-1828670357,Fytvtwpz,40779559034
nokia,49,2024-09-04 13-04-27,2899,123,40722109386,-830948616,iDefgJKZ,40707231684
nokia,68,2024-09-04 13-03-18,-29552,-50,40794543114,-1375146456,LvcVomLr,40746424867
nokia,104,2024-09-04 13-04-22,18571,35,40726833023,-289177078,GpPINtKi,40771296517
nokia,-81,2024-09-04 13-04-29,31215,-13,40746137157,1519845404,UEFwZOip,40795505542
nokia,125,2024-09-04 13-02-30,9088,-91,40766199931,1219799794,IobwSspV,40751265381
nokia,-74,2024-09-04 13-04-40,-19751,-25,40754240345,-1391473660,dhWgsxji,40770337788
nokia,-42,2024-09-04 13-04-26,-9932,86,40713207804,472201616,HzGFJgop,40785473772
nokia,111,2024-09-04 13-03-26,-541,0,40716572137,-188639044,oRyIPusr,40767695538
nokia,-12,2024-09-04 13-05-11,-28862,88,40765601271,1933449275,DwMGDEXy,40779016706
nokia,125,2024-09-04 13-04-37,9539,-124,40778929023,-687383957,mUgaweLC,40779419145
nokia,-123,2024-09-04 13-05-11,3067,9,40702137648,-522413978,xTAeHQGM,40756409661
nokia,-122,2024-09-04 13-01-02,2853,-36,40719600667,-901012743,gnyrNQIQ,40781623891
nokia,-31,2024-09-04 13-04-49,-4495,-45,40785112366,-490842332,LsydAZYd,40702389805
nokia,90,2024-09-04 13-04-51,6106,26,40769941391,-197999330,svkkWnfZ,40762497991
nokia,-28,2024-09-04 13-03-20,-24098,64,40799748599,1445856527,lRwAfLwn,40737634931
nokia,21,2024-09-04 13-05-03,4271,-34,40766639387,-1006846180,inGBeTxs,40734105285
nokia,-4,2024-09-04 13-02-44,1177,41,40717020381,-987048762,ZCzogxTS,40788649657
nokia,-106,2024-09-04 13-01-38,-15044,-55,40749619056,-1052160527,pbRFziKk,40796923321
nokia,11,2024-09-04 13-02-13,9254,125,40764383845,-214861911,ENJWjCbi,40782940286
nokia,17,2024-09-04 13-04-54,-1072,85,40755883201,-692214253,UmbojVYy,40758631865
nokia,-25,2024-09-04 13-01-07,1381,-121,40786472370,1679528911,qljsmYAh,40767081935
nokia,-1,2024-09-04 13-02-06,-19107,77,40725060350,-1049446065,mhrtntPj,40773265872
nokia,-13,2024-09-04 13-05-23,-15519,121,40791510114,-376394815,nuRfxKbH,40770370487
nokia,-92,2024-09-04 13-02-31,-26931,125,40796692560,2093508401,GjUrDFkK,40742534502
nokia,53,2024-09-04 13-04-30,11457,106,40798262142,1366169863,jLurjYjM,40784717527
nokia,-120,2024-09-04 13-04-58,-21179,105,40720727381,-435390902,AqiJRyWS,40773274589
nokia,-31,2024-09-04 13-02-27,21281,31,40788502591,-556705548,KfQWytQA,40739946485
nokia,120,2024-09-04 13-02-13,26165,17,40784189751,-1752303482,gRAqHEqJ,40762784785
nokia,70,2024-09-04 13-04-14,9095,-37,40740369767,-1677605178,lzMCcmob,40727303391
nokia,39,2024-09-04 13-03-51,14915,-116,40750130076,-1710972686,sIRbrsqs,40729679462
nokia,-23,2024-09-04 13-02-16,-25206,23,40711616398,2090391946,qrUeMYni,40799705189
nokia,-107,2024-09-04 13-01-36,29348,13,40701667092,-1113672794,EFHsdYrZ,40780315125
nokia,-31,2024-09-04 13-00-51,-5120,-31,40756234158,1952002778,GwWYHnzM,40789826528
nokia,59,2024-09-04 13-03-30,14287,25,40722825410,-1494471367,eWlqgEiP,40726745072
nokia,-117,2024-09-04 13-02-13,-25959,62,40709901141,-2090806919,pSPwUTLS,40712022778
nokia,115,2024-09-04 13-02-39,-1357,-7,40743910514,1983666280,uDEayscK,40783073927
nokia,-84,2024-09-04 13-01-34,-29980,47,40717433394,-1020640586,YdUSmFHR,40787920475
nokia,-36,2024-09-04 13-01-37,30804,-111,40780343122,1308118049,kiqMdXTq,40785394348
nokia,-67,2024-09-04 13-05-27,-21194,-73,40727729111,1445528322,KbQsUJmn,40723475007
nokia,-73,2024-09-04 13-02-19,17014,-95,40772737252,-1001077774,fEoscfpx,40714649153
nokia,31,2024-09-04 13-00-58,-82,6,40781229154,-433374347,FIRoJOAb,40738863980
nokia,-109,2024-09-04 13-04-21,10388,-123,40783254185,851232788,HaKcWYCx,40713262010
nokia,61,2024-09-04 13-04-33,-21529,112,40705929500,2128093788,OJGuMLSU,40703359058
nokia,94,2024-09-04 13-01-06,4281,-85,40753381742,2012482700,NFeoqSdP,40766693493
nokia,-16,2024-09-04 13-01-58,600,53,40721952656,-300603079,VBVnHpcR,40744017955
nokia,59,2024-09-04 13-01-19,-31412,10,40764640794,-956020878,PegbhaxD,40783531569
nokia,-46,2024-09-04 13-01-32,-23446,-116,40746787670,-651916997,XtqCKjNV,40701609322
nokia,-91,2024-09-04 13-04-08,-17337,109,40728837741,-1018136676,YEVhqhRD,40712227880
nokia,41,2024-09-04 13-02-16,-8959,-126,40722960272,-440515283,kxLGtmsa,40770323628
nokia,-14,2024-09-04 13-04-10,22825,25,40775363301,1226588121,WuVBLcmA,40733104803
nokia,-49,2024-09-04 13-03-03,5690,101,40729169262,1158066515,vzgpjmOz,40720005410
nokia,61,2024-09-04 13-04-00,-3261,-56,40737160624,1179726736,pKttPruz,40766917986
nokia,-13,2024-09-04 13-01-21,-13844,-115,40778862786,2136794193,SHDlVjrU,40796322395
nokia,9,2024-09-04 13-04-49,30172,43,40760229887,406962065,xpqTxasL,40743238795
nokia,30,2024-09-04 13-01-33,-24583,78,40700787417,1437001758,RnUbqcpe,40752562318
nokia,75,2024-09-04 13-05-24,6215,39,40736893586,-2007552842,wbgHhVqu,40722013728
nokia,-51,2024-09-04 13-03-22,10563,-68,40768727766,-2042994146,WQUoZrrk,40738666573
nokia,67,2024-09-04 13-03-00,1788,-74,40711762611,1230330410,sdFXoRKG,40797191762
nokia,-103,2024-09-04 13-03-42,-14636,30,40729853534,-709071407,mUDOGYQi,40783427573
nokia,88,2024-09-04 13-02-46,-30862,25,40722151690,-731855834,SHOUEgyH,40710392083
nokia,-70,2024-09-04 13-05-27,22890,78,40779178887,-233208263,HxihCzMY,40772098266
nokia,-89,2024-09-04 13-04-59,17167,126,40794796645,-1883307449,rKHcgieO,40764563818
nokia,-28,2024-09-04 13-04-04,-31566,-71,40749819267,1574834961,bdDFAsJz,40729152672
nokia,-1,2024-09-04 13-05-31,13661,-23,40721969525,1638702155,aNcXuXFu,40781477007
nokia,-54,2024-09-04 13-02-47,19668,-102,40750137126,1777873477,TuGFnEyA,40779303112
nokia,-67,2024-09-04 13-04-01,10243,-8,40754056353,-1898613562,GMfNcoND,40777596389
nokia,-47,2024-09-04 13-01-50,28386,-68,40789931727,-1510606955,MdAYojES,40716020287
nokia,20,2024-09-04 13-04-19,-28912,-26,40756228225,-904405111,JrwyTuNN,40756616863
nokia,-110,2024-09-04 13-05-18,15566,-7,40716624148,-1866067873,SWlkvCYq,40725610393
nokia,-74,2024-09-04 13-00-45,24192,63,40709228984,-619394550,PShBjARL,40754507996
nokia,15,2024-09-04 13-02-44,3900,100,40710373734,-1003950914,XNNVnVNQ,40749888071
nokia,79,2024-09-04 13-02-27,-16305,71,40700139140,428085413,XbpmuNAC,40732853820
nokia,10,2024-09-04 13-04-55,10051,-31,40799471779,-1227269687,VGURNCWt,40799548469
nokia,79,2024-09-04 13-01-14,-19264,69,40711941786,-230373337,wtaoYuGC,40788406680
nokia,8,2024-09-04 13-01-43,29079,-93,40726650518,1689321697,RZAyrudQ,40737924669
nokia,-99,2024-09-04 13-05-02,19923,-83,40763064180,-435910062,LdKOXmBC,40709681519
nokia,82,2024-09-04 13-02-35,-23777,-87,40741912774,-2052960244,eKwgdIXm,40722342714
nokia,9,2024-09-04 13-03-21,9987,-86,40733660910,-291450310,ceAqLFmX,40787176845
nokia,-114,2024-09-04 13-02-24,7203,118,40725530029,675617320,tCvpmRWZ,40777606828
nokia,120,2024-09-04 13-05-19,26523,-108,40785426796,-1192616498,EOulBvvt,40791667769
nokia,114,2024-09-04 13-02-08,-13810,-49,40713512674,1439731706,JibEJsqb,40773851652
nokia,-6,2024-09-04 13-01-06,-3785,-21,40790334049,-1869215462,CPqHVmLr,40782762366
nokia,103,2024-09-04 13-01-32,26744,-92,40791007693,-1745298969,eaPXoAaC,40721116168
nokia,102,2024-09-04 13-03-34,32165,56,40780854289,-1391688141,owVFHnsJ,40788133121
nokia,-53,2024-09-04 13-02-33,28897,51,40717125231,1581283006,vLHopkdI,40753030313
nokia,-23,2024-09-04 13-03-11,6252,-40,40736553507,516597503,FljbNuKt,40716171139
nokia,-87,2024-09-04 13-01-06,-28859,33,40782787775,732510891,BRporXtr,40779668728
nokia,24,2024-09-04 13-01-35,8294,-97,40772391816,-1862000612,RwAwlCvM,40740229968
nokia,-102,2024-09-04 13-04-30,-21812,-32,40773843389,-2055131223,TGwgzGxt,40719299384
nokia,-56,2024-09-04 13-05-36,21937,20,40772923533,1209121664,uXIuozdn,40746008351
nokia,-61,2024-09-04 13-01-29,16767,-3,40765569729,-1883199130,myQZnowf,40792087177
nokia,-31,2024-09-04 13-03-57,-13347,67,40796682968,-547572424,JKXhKROy,40722537011
nokia,-27,2024-09-04 13-03-51,9724,-109,40799655394,-1739474723,BTaSCfqu,40792780372
nokia,-36,2024-09-04 13-02-48,18937,36,40798516374,-2089375940,EJlrGtkx,40708923260
nokia,108,2024-09-04 13-03-51,-28298,18,40753857175,-162313268,uelrGoxB,40724308991
nokia,-9,2024-09-04 13-01-17,-14200,17,40748142062,619418871,tpyBXQpg,40767869150
nokia,-56,2024-09-04 13-03-14,-21834,-17,40708842491,1694775259,fzlEopgn,40759593488
nokia,-32,2024-09-04 13-00-48,28696,93,40718847872,893433769,bVcHnmWd,40759854444
nokia,-84,2024-09-04 13-05-09,5133,-99,40769832555,-777160465,qMVParYL,40741787273
nokia,59,2024-09-04 13-03-05,11182,-44,40755266720,463217,cbEpYIxL,40731708347
nokia,-120,2024-09-04 13-03-34,43,116,40797309256,1291757118,OdFvBxFc,40768388326
nokia,109,2024-09-04 13-05-06,-22338,81,40733842769,1787362562,ctySreOb,40793385199
nokia,-95,2024-09-04 13-00-40,-15103,-17,40760019178,-1126037121,ZuCVefYb,40789618966
nokia,-15,2024-09-04 13-03-20,25819,-17,40784820871,-1289620068,arJvMwON,40757226177
nokia,-118,2024-09-04 13-05-08,-12883,-73,40760334551,-48197299,lPUreyTg,40701132524
nokia,16,2024-09-04 13-04-28,7165,-31,40786850406,1930036844,oYgbAvvk,40792471466
nokia,13,2024-09-04 13-05-08,-16006,58,40735949033,1788622089,bOhdAAjy,40786992346
nokia,-18,2024-09-04 13-01-59,-13719,106,40757697533,-1374103452,hufUqeUy,40770165377
nokia,-15,2024-09-04 13-04-51,32708,115,40709091968,1111781416,lLXsBFby,40742308396
nokia,-5,2024-09-04 13-04-22,15200,-3,40756678164,-934656249,OoTAKURL,40737263775
nokia,-125,2024-09-04 13-01-51,11621,-65,40742013465,-2043702838,NiPTQQVc,40713002945
nokia,-108,2024-09-04 13-04-23,5054,-64,40755229679,2023357725,zSYOxfKC,40738045902
nokia,90,2024-09-04 13-02-38,-29263,92,40766515477,356958866,EqpReYrq,40793772766
nokia,-21,2024-09-04 13-05-30,31507,11,40718169283,-334368039,CjZgwXXD,40751864099
nokia,20,2024-09-04 13-02-02,20456,81,40745186359,-1958084348,ulxMrRpN,40704025530
nokia,-59,2024-09-04 13-02-42,8627,-84,40787238391,-1352128470,yzRTZOaY,40774541442
nokia,-124,2024-09-04 13-01-18,-23835,62,40793409425,774843388,qAqbKVgN,40748341665
nokia,121,2024-09-04 13-03-46,-8801,10,40767797977,1815860353,yRssvQwJ,40714333072
nokia,-39,2024-09-04 13-01-04,-10983,45,40700867490,2040253968,SvveuCnA,40719658041
nokia,-10,2024-09-04 13-02-43,-19368,-4,40719173407,1420857559,WKlcZmPQ,40777181579
nokia,76,2024-09-04 13-04-21,-15741,89,40734502803,1281859377,XUoqdJRy,40799733905
nokia,109,2024-09-04 13-03-38,8090,-79,40715677321,-1259467732,DCoGcqIs,40728896982
nokia,-69,2024-09-04 13-01-28,865,-90,40769917396,2136737041,bygzlIkD,40757876317
nokia,27,2024-09-04 13-02-08,3573,-53,40752133164,-995490520,yoeUgyAy,40746165405
nokia,-91,2024-09-04 13-01-01,22467,3,40776649627,-984378867,gnHxkyFu,40772217561
nokia,-48,2024-09-04 13-02-36,8255,-1,40716137519,-1704174682,XMvVzpeZ,40764792258
nokia,-8,2024-09-04 13-03-18,379,127,40716231791,887652033,JNcfQdIX,40713777206
nokia,117,2024-09-04 13-02-26,32330,-74,40793228763,-2004510416,loWEIzwu,40762266888
nokia,17,2024-09-04 13-01-59,11909,-41,40751782131,844201976,hCARHlWq,40761644658
nokia,-104,2024-09-04 13-05-16,-10501,78,40756046903,-1323368019,xTUcZEEf,40754043644
nokia,-16,2024-09-04 13-01-07,14889,-33,40761356849,1279338529,nXMoGKIJ,40704003222
nokia,91,2024-09-04 13-05-10,-2517,-69,40756760223,-686461885,JPgtssnr,40757838462
nokia,-42,2024-09-04 13-03-27,11842,102,40758543208,1375444986,cEkmuTDN,40777512487
nokia,-71,2024-09-04 13-01-49,8872,63,40762961992,-374966869,kaqFqfPY,40737142836
nokia,83,2024-09-04 13-02-58,28037,-49,40711880896,-1676138595,inZzEuMd,40760524157
nokia,101,2024-09-04 13-01-31,-10982,48,40719290785,615233445,mNECYXSv,40792150667
nokia,95,2024-09-04 13-03-21,29338,-125,40769249789,79856193,MHhdyJMe,40795619890
nokia,24,2024-09-04 13-05-31,32212,41,40725490929,-583739119,TmrUNvPp,40777574623
nokia,41,2024-09-04 13-03-13,-16619,82,40714883029,996554671,DbNAmmxl,40763320417
nokia,107,2024-09-04 13-05-03,23488,-32,40788971955,123459451,LsyAlYkg,40799778746
nokia,-81,2024-09-04 13-01-15,7511,37,40794551924,333764931,OrxJOBRP,40720237731
nokia,22,2024-09-04 13-02-35,-31755,6,40718204622,-670354042,QopAnKYN,40770672295
nokia,-28,2024-09-04 13-04-43,-25605,-43,40775935507,1591354795,kWohEquQ,40722551671
nokia,93,2024-09-04 13-01-40,639,56,40758080363,1989283709,hQKRMGbV,40733120726
nokia,-44,2024-09-04 13-02-48,-8872,1,40742103221,-1897451298,ZPzCsRTv,40769938171
nokia,-16,2024-09-04 13-02-54,-12258,81,40797835563,-455206768,NHIKqRLh,40755993264
nokia,-110,2024-09-04 13-02-08,31523,-111,40730972735,-905616616,SvSmLwKZ,40774235959
nokia,100,2024-09-04 13-02-40,-16306,-17,40794292714,169922503,keNPEwBm,40762459907
nokia,111,2024-09-04 13-03-39,19356,126,40727952043,1587858099,giZDeaFF,40711716929
nokia,46,2024-09-04 13-03-56,-29876,-61,40703071893,1868021064,bjQeYpRG,40783812541
nokia,-13,2024-09-04 13-02-22,-777,-79,40711113920,2104533588,UcaQQsRN,40744350565
nokia,-48,2024-09-04 13-04-17,5220,-44,40755700590,-288807016,HwJMhANp,40767821642
nokia,7,2024-09-04 13-01-59,-17014,117,40798799824,551612323,zhTBNEbK,40734091907
nokia,-17,2024-09-04 13-01-07,-2761,119,40787271987,-489980680,hSBfGglz,40780335013
nokia,67,2024-09-04 13-04-53,-670,74,40745338211,1530365825,PepScWKF,40713710365
nokia,-57,2024-09-04 13-03-49,-26163,-79,40774661283,648336809,TxaOFVFZ,40723439619
nokia,-77,2024-09-04 13-03-17,-7349,-73,40706708737,267569773,iNEupJzj,40751190748
nokia,-69,2024-09-04 13-01-41,-10183,-4,40793379880,-1943683486,vmXAEdTj,40714877290
nokia,-74,2024-09-04 13-02-01,-20561,-70,40702967782,1139737239,iDlLbNkk,40775017736
nokia,49,2024-09-04 13-05-25,10522,-37,40743507198,-1741718587,yhCWtcAh,40743925955
nokia,-73,2024-09-04 13-03-30,-18999,-123,40707641093,126542608,EEljQyqd,40765393744
nokia,-76,2024-09-04 13-02-20,22007,-77,40769554991,338177786,YRujJWTs,40701124935
nokia,47,2024-09-04 13-00-45,-26446,-9,40739949534,-1992047633,zcsvAYQW,40799899316
nokia,91,2024-09-04 13-05-15,-23196,21,40769275732,-404037136,SOvkJvOY,40735802557
nokia,-17,2024-09-04 13-02-19,27337,33,40753451067,588094304,COrzcdhl,40707625278
nokia,-8,2024-09-04 13-03-40,16456,108,40760908291,-152149339,upxkNshH,40713144632
nokia,-110,2024-09-04 13-02-47,-31209,106,40752900424,-1890624817,QXVvHDhF,40795562549
nokia,94,2024-09-04 13-03-08,-4177,-42,40746062345,803792071,bzvhXeOj,40710283466
nokia,-119,2024-09-04 13-01-28,21822,9,40797368061,-1876316795,fyhRosez,40795491415
nokia,-14,2024-09-04 13-02-14,25772,100,40788752965,-1155148039,kqTKzOlG,40713723533
nokia,-49,2024-09-04 13-04-10,-20130,116,40740508170,-906017119,MZNSydzD,40785306987
nokia,45,2024-09-04 13-03-53,-8584,116,40725508467,1735513873,iqyDmHwD,40788658585
nokia,-103,2024-09-04 13-01-51,28289,-39,40750384239,1034167894,shfjbfHc,40761127568
nokia,-23,2024-09-04 13-01-35,-24028,-50,40741599682,-433723984,bVGwSNMF,40795190646
nokia,-58,2024-09-04 13-03-08,-3751,124,40786976666,-462455113,XxjiDxbU,40738180927
nokia,5,2024-09-04 13-04-01,5563,21,40741039465,1471464244,nXpecMuK,40749408234
nokia,-117,2024-09-04 13-04-34,1368,32,40739770289,-1270795042,vRecouSs,40701743254
nokia,88,2024-09-04 13-00-49,-25641,-46,40712915574,-1228153441,JxywxGBD,40712035021
nokia,-83,2024-09-04 13-03-11,22565,24,40785136652,1340813096,duTBPitS,40704412005
nokia,-88,2024-09-04 13-03-12,-9051,68,40724921244,655602140,snniFJxk,40762421508
nokia,-77,2024-09-04 13-04-27,-635,-18,40759042064,654410571,zEYAielX,40721527456
nokia,-63,2024-09-04 13-00-44,-23596,52,40712591975,-936953755,GjcKoycN,40720907074
nokia,-85,2024-09-04 13-00-39,-20123,85,40713072225,1377829919,fNNmfJnU,40725571596
nokia,-105,2024-09-04 13-01-26,-21140,-104,40757436837,513822703,vUWYyDaV,40782809725
nokia,127,2024-09-04 13-03-50,18034,-84,40706278191,-979199409,ulTTGSwf,40704551491
nokia,-75,2024-09-04 13-02-29,-23666,84,40724477759,-114783431,ILzuJVYC,40778557812
nokia,24,2024-09-04 13-00-58,-879,-71,40734471251,-1087903642,RYjydCxd,40725319227
nokia,-96,2024-09-04 13-01-29,-18067,114,40724205103,-230876284,RgINGhSv,40748277826
nokia,80,2024-09-04 13-01-56,-29144,30,40748776049,-2048804963,WyUvChHg,40719818412
nokia,11,2024-09-04 13-02-29,-26514,-94,40744156012,-2115679239,rjJeUwNU,40746397980
nokia,77,2024-09-04 13-05-15,3324,28,40776280618,-1468101198,WuhZPGrX,40795753227
nokia,-94,2024-09-04 13-04-30,-1793,-23,40781855567,885246497,fLbqQydC,40701772374
nokia,48,2024-09-04 13-04-17,24140,93,40725732860,1478901962,riJrmYDn,40739036068
nokia,-94,2024-09-04 13-02-30,-13469,-88,40751370798,-1006024079,unEAQYiV,40745583050
nokia,41,2024-09-04 13-05-29,-21487,1,40771298716,1974232919,FaonQfCF,40700372876
nokia,-46,2024-09-04 13-01-15,-32005,-61,40784581605,-2022171803,BCUkoTcj,40774309417
nokia,-68,2024-09-04 13-03-50,-7720,107,40777899912,-751059436,NxkmvEsZ,40762074344
nokia,-121,2024-09-04 13-05-15,-23799,-58,40727594089,-373695040,QYazLRgn,40775908251
nokia,29,2024-09-04 13-01-20,175,82,40787272578,1381650268,RhASTZdB,40770063304
nokia,-34,2024-09-04 13-03-33,26,-107,40755773595,-1364806372,CKHLgtXv,40760477817
nokia,-120,2024-09-04 13-02-20,-12793,91,40714486223,-573377317,zrHlPzSp,40719742639
nokia,-55,2024-09-04 13-01-01,-12176,-38,40734945282,1753595755,pEzxUomx,40772470472
nokia,-83,2024-09-04 13-01-24,7477,101,40766057764,1390739031,QwJKJOlQ,40751359212
nokia,-50,2024-09-04 13-04-24,11982,72,40771578205,-1880756861,VRPqLYUS,40799715486
nokia,-46,2024-09-04 13-04-08,31355,-110,40756492369,-1191435693,gxGgyMNW,40739170018
nokia,39,2024-09-04 13-02-35,-21086,46,40769242263,-748582891,OxCLSlHb,40759634765
nokia,14,2024-09-04 13-04-33,9670,-20,40759920430,-1723369138,ZwQoHYxy,40758607958
nokia,33,2024-09-04 13-00-52,-1729,-13,40754752618,1801498691,OWcUCGNB,40725566236
nokia,-22,2024-09-04 13-00-48,-10461,-121,40719710888,1545488372,LyWtTkWO,40715057517
nokia,-77,2024-09-04 13-00-49,26349,-91,40747697423,351523723,JaFcqkxf,40764566813
nokia,-91,2024-09-04 13-02-05,149,-37,40797472729,637903615,snZBoZSU,40734963941
nokia,54,2024-09-04 13-03-18,-9862,-128,40738815522,-1423946494,KbAvvhVP,40728988614
nokia,-2,2024-09-04 13-02-21,-11205,-2,40715012825,-255964602,ovcRZxlJ,40789754171
nokia,6,2024-09-04 13-01-15,-28370,37,40771952142,-156556397,eCtnkAqq,40739352104
nokia,0,2024-09-04 13-01-37,-32566,94,40735847242,1634917230,YKoPWamn,40763856118
nokia,-56,2024-09-04 13-05-00,32679,-44,40776522247,-9162710,XmTTvAyu,40709155799
nokia,12,2024-09-04 13-04-55,-31122,122,40759132517,-1514770807,KLUpyegJ,40764584028
nokia,112,2024-09-04 13-05-03,7516,96,40781266740,1409579589,FNJLXqEl,40730281530
nokia,-5,2024-09-04 13-05-25,-25157,-45,40711698275,-1178293312,FIpLejZg,40795158327
nokia,105,2024-09-04 13-02-46,21099,89,40779226260,1631324308,EBswZVSI,40701108431
nokia,121,2024-09-04 13-03-36,-21145,42,40782377579,798056437,CvAQdsNL,40759499577
nokia,63,2024-09-04 13-01-07,-9424,-69,40782397620,-726191279,IGbNWRZm,40727742036
nokia,-109,2024-09-04 13-04-59,-14791,65,40733204938,-1367824342,QsYtrkUP,40790684240
nokia,-55,2024-09-04 13-00-55,10269,36,40713006359,213601584,GNxxhgAk,40705304850
nokia,16,2024-09-04 13-05-18,7569,-122,40761011178,-374011572,LxCyNPtp,40778061954
nokia,-57,2024-09-04 13-02-54,31875,63,40746038418,1972706014,GcCDyuyD,40748792035
nokia,45,2024-09-04 13-04-01,24085,-31,40730693919,-1960056319,OopHxoSo,40710511021
nokia,34,2024-09-04 13-04-03,28322,38,40721387127,-747913996,oUMUzNgz,40754767888
nokia,-39,2024-09-04 13-03-58,28139,-81,40712282768,991646208,tSrxdTEc,40770467232
nokia,-61,2024-09-04 13-04-04,-16072,45,40744768600,-569027609,xMgVGDpf,40724699449
nokia,-56,2024-09-04 13-03-03,15948,33,40741099173,-1099582820,PmCFZoOO,40783430054
nokia,-38,2024-09-04 13-04-51,-13528,30,40758514556,1935542836,xyEAJJmd,40717299839
nokia,122,2024-09-04 13-04-36,30707,-41,40743298419,274068441,khJhhzgT,40744819911
nokia,49,2024-09-04 13-03-11,4381,21,40717716745,1644126706,adyaosNy,40793668695
nokia,-24,2024-09-04 13-05-28,-790,-72,40799042573,-1205197956,GuKcUJXY,40733256624
nokia,95,2024-09-04 13-03-12,-139,55,40771586556,-1880313260,vBzANUpu,40738662225
nokia,-104,2024-09-04 13-01-04,-32431,106,40766786461,-164311195,prHOlWeY,40788746475
nokia,-5,2024-09-04 13-05-12,-14062,-73,40752130838,-90054444,nONPwppV,40709061591
nokia,81,2024-09-04 13-01-13,8368,-117,40783144509,-1073059181,STOXYIEx,40701535408
nokia,96,2024-09-04 13-03-11,-6098,-28,40789414284,-1383290376,bNPVSjkV,40719427713
nokia,72,2024-09-04 13-03-29,6947,78,40778231601,665867437,yYrqAokf,40799369978
nokia,118,2024-09-04 13-04-54,4251,78,40782469651,1854570744,NOOyhJRu,40713023520
nokia,-76,2024-09-04 13-04-57,17574,57,40778272776,-870278105,vZEYCcEf,40756845285
nokia,-45,2024-09-04 13-03-48,21193,96,40793347251,-1574573563,mGETRcAK,40718679511
nokia,41,2024-09-04 13-04-51,11776,-120,40754984964,326273592,hLTCMkDw,40748718322
nokia,88,2024-09-04 13-01-05,17126,-43,40789239941,-1613043034,sDhRnvPh,40751341854
nokia,-97,2024-09-04 13-01-30,-22674,-8,40707284753,1383120331,tzJVZtSY,40764556076
nokia,34,2024-09-04 13-01-47,18277,57,40722602426,1364372493,LsQrODSU,40740415469
nokia,106,2024-09-04 13-01-09,-5411,-15,40789770693,387527405,JlOcaXtL,40771862476
nokia,-17,2024-09-04 13-03-21,-25501,93,40733543067,1079477567,eGJbiqhV,40760837870
nokia,-82,2024-09-04 13-01-55,21346,52,40703694632,72650352,JIDkCKdG,40724053964
nokia,-52,2024-09-04 13-05-32,-26796,124,40799012301,784647443,gHTTLODj,40782036039
nokia,40,2024-09-04 13-01-19,24786,-32,40724939855,14119150,rKToFFnW,40757511073
nokia,-8,2024-09-04 13-05-00,-2886,75,40718771864,-460153606,FUCCiqTp,40730729129
nokia,-127,2024-09-04 13-04-20,-22566,62,40739594513,-2098420823,dmcicrgX,40758653836
nokia,-25,2024-09-04 13-03-27,10446,85,40771182252,-1672871491,ClScOwMs,40727101252
nokia,1,2024-09-04 13-01-04,27512,0,40780809419,1624095949,UWGxArHj,40790130260
nokia,27,2024-09-04 13-02-02,5131,-45,40761716775,1764536577,JVUxzmdA,40778215115
nokia,-17,2024-09-04 13-04-20,14667,35,40731542522,-1938610075,jBzHTuGd,40716627730
nokia,-41,2024-09-04 13-04-27,-23265,-116,40777011054,-868516734,FgFhtrhF,40707786998
nokia,87,2024-09-04 13-04-59,31128,116,40723774835,-1466988807,SLHOXsWX,40708020649
nokia,-104,2024-09-04 13-03-41,27152,-56,40719811024,-814686262,EAUTRYHK,40709072064
nokia,-38,2024-09-04 13-04-18,2856,20,40710074445,-1915296818,TrAkevDq,40752367278
nokia,32,2024-09-04 13-02-50,18325,9,40734687480,-898921342,OSWonBox,40710586035
nokia,-82,2024-09-04 13-02-17,29266,-52,40777253271,-1449501033,MXXxJXBX,40782586668
nokia,-70,2024-09-04 13-05-22,-28915,47,40739409723,733253587,ljLyMiCS,40744930914
nokia,111,2024-09-04 13-03-07,17046,-10,40780541984,-41855547,WbsStaiA,40783868213
nokia,-119,2024-09-04 13-05-04,-21758,30,40765513741,1293920349,LMahAYPO,40720065883
nokia,-41,2024-09-04 13-02-04,4799,-83,40750758042,-154319748,pnXqetVR,40778739461
nokia,-84,2024-09-04 13-03-13,-1065,9,40760718027,-26916176,qDPtCyzo,40720152452
nokia,126,2024-09-04 13-02-26,-15210,-77,40765430344,1556793972,MsrAoVnA,40742894585
nokia,-127,2024-09-04 13-05-04,-3534,77,40760227421,-313034168,lmrLiLih,40796587321
nokia,-8,2024-09-04 13-02-16,-28273,-104,40772542450,128204935,aSidPTxK,40733938437
nokia,-74,2024-09-04 13-03-37,-12550,-112,40704782238,346580770,kjzAzDqo,40715716092
nokia,-101,2024-09-04 13-03-06,-11845,-94,40716514573,1867453815,ZnNZAefh,40770855154
nokia,-92,2024-09-04 13-01-58,17430,112,40761558558,-1413410197,dPdIlDHD,40761460162
nokia,-67,2024-09-04 13-00-45,2815,-2,40792807234,-12978862,kvMUyPUZ,40730675995
nokia,60,2024-09-04 13-02-58,-6452,-123,40767775657,-1987619205,YrNkHjZW,40769467896
nokia,-128,2024-09-04 13-04-19,358,73,40734232270,1077892027,REksDNsL,40745997244
nokia,-8,2024-09-04 13-01-34,-21418,89,40718151179,-2063748092,GSBJDPgJ,40702200838
nokia,12,2024-09-04 13-00-45,21415,-5,40771694868,1757732559,yUlRPsDJ,40794772675
nokia,115,2024-09-04 13-04-59,5329,34,40765422878,675924321,DbZZaTes,40798727232
nokia,30,2024-09-04 13-02-18,15279,103,40742832844,-1221990588,wAldDKxW,40743732732
nokia,49,2024-09-04 13-02-10,-10254,57,40785166840,-877902754,iMePCjjX,40778408286
nokia,70,2024-09-04 13-03-38,-9928,28,40747591442,858628634,NKyRLKDv,40724617460
nokia,-77,2024-09-04 13-03-43,14848,-29,40707428322,-1516835631,VvdCbkGr,40772505728
nokia,96,2024-09-04 13-00-43,19894,-1,40759692458,1860012744,nosjTkIH,40788771418
nokia,71,2024-09-04 13-01-04,18563,-124,40718564108,1503245406,scgUJvBo,40723441371
nokia,64,2024-09-04 13-02-47,-29072,-99,40733882551,-1592625773,ilMbZRGS,40739076556
nokia,-10,2024-09-04 13-01-41,6775,63,40774663654,-2049859539,FoyVptpy,40798165689
nokia,102,2024-09-04 13-03-33,6515,7,40731832223,1311100402,IGknrZli,40741567443
nokia,35,2024-09-04 13-03-59,15932,-1,40720068730,-1203609049,nNLTmxca,40773427511
nokia,-86,2024-09-04 13-00-43,9894,-64,40763936320,1778701474,lATbrZFp,40701982660
nokia,32,2024-09-04 13-01-20,-18821,-36,40745256278,-51435555,LIJuqAQQ,40755237337
nokia,-120,2024-09-04 13-01-49,-16145,103,40783909713,-194385107,NsroCPSs,40722943523
nokia,44,2024-09-04 13-01-15,-2932,3,40770496320,-744753066,ugAoeOYZ,40797029817
nokia,93,2024-09-04 13-04-59,-24883,35,40771175362,1121056300,efXAhNQG,40749154596
nokia,79,2024-09-04 13-03-39,-12573,3,40771355884,1278765477,lltUzzKH,40746727649
nokia,79,2024-09-04 13-04-49,-7692,-116,40783792105,-1541444403,iBhGEcnW,40767117205
nokia,5,2024-09-04 13-03-04,8480,111,40757528720,357757306,dtHbzuWB,40739265940
nokia,-57,2024-09-04 13-04-00,13598,86,40712239003,-1931182706,jjWgTaDP,40703618292
nokia,38,2024-09-04 13-01-48,25335,-38,40786122206,2122842266,YowPhDss,40789732944
nokia,-114,2024-09-04 13-03-58,-31049,14,40702408634,715176386,ylWBTFai,40717416952
nokia,105,2024-09-04 13-02-59,1801,-92,40797099959,728556351,gLXEorih,40718130304
nokia,-121,2024-09-04 13-00-45,13924,-42,40725069184,-1488378556,BeXaNOro,40778579685
nokia,77,2024-09-04 13-04-54,21344,65,40780725070,-1986080089,pxCOpEOx,40717680659
nokia,98,2024-09-04 13-02-36,16869,107,40768354172,-76908698,gmvgCiFY,40738877511
nokia,-37,2024-09-04 13-01-00,-17744,18,40792131127,-699870362,qmSuhldP,40764847579
nokia,49,2024-09-04 13-03-03,-31212,77,40707803464,-1354672826,EBLrngTt,40739437925
nokia,49,2024-09-04 13-04-10,31487,-77,40726829331,524878254,LSzmdlMf,40719449640
nokia,-18,2024-09-04 13-03-02,23242,54,40719543294,157571908,GdPBOXzc,40742246029
nokia,72,2024-09-04 13-02-31,-23800,125,40702091668,1676266285,GocaajQa,40711475473
nokia,58,2024-09-04 13-02-48,-29309,-36,40725589836,2102506857,iyndHKjS,40707542418
nokia,-121,2024-09-04 13-03-37,-1657,-66,40785697353,67590609,FNTVOHMo,40768544282
nokia,1,2024-09-04 13-03-23,-19819,53,40756452758,1769432506,PUDadEia,40716993911
nokia,40,2024-09-04 13-04-25,17045,123,40763565826,513451178,ipMMPVBH,40751514652
nokia,21,2024-09-04 13-05-17,-5274,-96,40755545158,354931846,LPlMJJrX,40792003806
nokia,-110,2024-09-04 13-03-57,26714,70,40785306530,-1027366976,KXdzfUfh,40700807649
nokia,-59,2024-09-04 13-02-05,-1283,125,40781189160,628422557,EavngZpI,40783372162
nokia,-114,2024-09-04 13-03-31,-817,-41,40772750008,-573136090,PxyvyAZj,40733912548
nokia,110,2024-09-04 13-01-30,254,-13,40793203707,837241269,MZSDlDfY,40798646244
nokia,-48,2024-09-04 13-04-31,26107,-117,40751925105,490181452,nrKEZyuV,40782378564
nokia,-85,2024-09-04 13-05-10,-32125,125,40745491126,2127759655,rvhJvlAv,40752818689
nokia,-22,2024-09-04 13-03-12,-18017,103,40753661154,-1243402902,rGYRvpAa,40713791487
nokia,-26,2024-09-04 13-04-58,27765,26,40783343353,496753686,FAYxvwMC,40755246104
nokia,-127,2024-09-04 13-02-48,-17089,6,40789110079,-362808653,yAFTswVl,40752887152
nokia,-63,2024-09-04 13-05-24,-9227,-84,40734651477,1685575617,yMglQHaG,40717751630
nokia,-65,2024-09-04 13-03-46,-27451,89,40778017497,2125779171,cvrXzwqC,40713264259
nokia,127,2024-09-04 13-02-26,-29126,61,40746848035,855324156,ryxdfqde,40739152343
nokia,-30,2024-09-04 13-04-21,21256,-27,40776896575,1825097430,hUeBiYEf,40747230722
nokia,-117,2024-09-04 13-02-15,-28034,83,40753499810,-983370043,HPTDkzhz,40718035342
nokia,12,2024-09-04 13-04-37,3768,2,40785233707,-1019698927,pWqAOpVy,40787183772
nokia,39,2024-09-04 13-04-42,30211,-119,40760344907,1822904,MhKPOXrf,40733285255
nokia,-4,2024-09-04 13-04-59,-12730,67,40759224379,510613216,iiwsvFZy,40754964599
nokia,115,2024-09-04 13-05-11,-3789,115,40759897021,-1588081479,BUvJGZjJ,40704946151
nokia,-15,2024-09-04 13-03-55,-15536,-107,40744108378,1952865264,SOPxrNUT,40796550210
nokia,64,2024-09-04 13-03-27,3089,93,40798173931,281705041,CZNpHhMp,40711820276
nokia,-74,2024-09-04 13-01-28,-26304,102,40731721529,-782114338,PWAayEUS,40762281983
nokia,100,2024-09-04 13-02-54,-15384,-3,40759855160,-1228741032,cenmGggW,40707021468
nokia,69,2024-09-04 13-01-13,-12442,101,40703414343,-1104633137,YBxFyDri,40798785418
nokia,-104,2024-09-04 13-01-39,-14780,-4,40752699491,-1580499159,vltFfIGv,40703763660
nokia,-16,2024-09-04 13-03-01,8413,111,40768292558,-84382159,ErUaVmvy,40742258143
nokia,-17,2024-09-04 13-03-57,29022,-4,40749274959,343782442,QZVSnbDc,40788746112
nokia,-109,2024-09-04 13-02-32,27663,-113,40793140262,2028354429,cPHnTzVV,40744619823
nokia,-59,2024-09-04 13-03-13,10743,-61,40790962521,453969316,iERZRaHt,40748208668
nokia,-73,2024-09-04 13-01-37,27757,-104,40759221286,479491272,WVaBHmxx,40745445405
nokia,55,2024-09-04 13-02-25,29180,30,40766895918,-948260263,dQIRRcun,40781627670
nokia,117,2024-09-04 13-03-55,8942,-70,40797727567,44979963,XcVRyTsX,40720880462
nokia,-53,2024-09-04 13-02-25,28164,-75,40766705920,396995724,uJZZoXyA,40751051237
nokia,54,2024-09-04 13-03-21,6597,14,40765988503,1567912784,HCarUuvb,40793130118
nokia,114,2024-09-04 13-05-08,30224,17,40737506537,-1348198577,CiBikWOU,40742154932
nokia,28,2024-09-04 13-01-18,-13162,-111,40754323837,764178581,WEjJdwEV,40755660026
nokia,-94,2024-09-04 13-03-04,6287,-109,40756154129,793010730,PHaTDiNf,40786266561
nokia,21,2024-09-04 13-00-42,31352,106,40787292836,733585346,VrTlWHBD,40721026348
nokia,-100,2024-09-04 13-03-38,-18705,48,40757046774,-1698662176,zgCHiYZv,40722423391
nokia,34,2024-09-04 13-04-32,30033,-115,40771144554,-2116586175,TUnSjKqf,40711567493
nokia,98,2024-09-04 13-02-17,-1401,26,40747548500,-2116668498,OAyTOYDD,40778116059
nokia,-91,2024-09-04 13-01-48,-31894,91,40745648069,442800779,MyGHEDui,40751711317
nokia,-80,2024-09-04 13-02-05,2751,-94,40779910585,926751050,eUTztzdZ,40759172397
nokia,75,2024-09-04 13-04-30,-22648,10,40783337801,481949282,fyeFzkGA,40799589551
nokia,102,2024-09-04 13-02-07,-13761,-101,40746574838,-1761500437,eSzRfnPz,40785021110
nokia,26,2024-09-04 13-03-28,-13572,-85,40742940078,-568637021,LBUVCEdg,40789043946
nokia,123,2024-09-04 13-03-31,-10568,88,40749110927,-926647588,JANHFjon,40738583247
nokia,103,2024-09-04 13-05-24,-892,58,40725453478,-1991622760,sowPBaNU,40763130267
nokia,43,2024-09-04 13-05-02,5605,-117,40720924711,1781262640,DsBcKTea,40741284722
nokia,-81,2024-09-04 13-03-28,26740,-39,40712050033,891552987,oaSXSzwE,40758381072
nokia,-5,2024-09-04 13-05-09,23077,79,40752100342,-1843181565,ctghmxBG,40780704037
nokia,-28,2024-09-04 13-00-39,24610,-83,40717051908,-1403435429,kdiHeepG,40775358358
nokia,-82,2024-09-04 13-02-44,4925,-9,40792585144,-1398628649,ciiaPBca,40753150021
nokia,-11,2024-09-04 13-02-58,9507,-43,40750068267,-1818446605,XWRStQHJ,40764548615
nokia,91,2024-09-04 13-02-22,24156,-84,40702114063,-1540247968,oaonksMN,40783818574
nokia,105,2024-09-04 13-01-36,12534,109,40746452846,-1135490000,UEfdZAjE,40767741241
nokia,8,2024-09-04 13-02-33,-27253,37,40710116789,-1242376624,cAvoiKkO,40727182185
nokia,-34,2024-09-04 13-04-03,-14140,-109,40782850469,1063167833,YgDSmDQo,40793164911
nokia,114,2024-09-04 13-04-59,2199,108,40747853751,-2128962279,LHJYfzhu,40777071578
nokia,-66,2024-09-04 13-05-25,10202,85,40730975257,-1840785469,amxMgAQW,40785602680
nokia,74,2024-09-04 13-04-40,-24346,13,40758012478,-53773497,BLQlnLji,40727325636
nokia,87,2024-09-04 13-03-31,25184,-106,40747410207,588836704,rbtzTRcv,40705784581
nokia,-57,2024-09-04 13-02-21,3254,55,40761598924,302552958,vZmPFnrc,40745216670
nokia,82,2024-09-04 13-01-14,14935,116,40770582451,-653819900,aVtySOeI,40775694460
nokia,24,2024-09-04 13-04-34,-1697,36,40739879036,2114679967,SNpTMobq,40743226092
nokia,-112,2024-09-04 13-02-27,-27108,-20,40760465274,-1877518837,IQvYhaij,40708157415
nokia,-114,2024-09-04 13-04-00,3249,42,40709191578,-1977566019,ufcAmGae,40743258719
nokia,47,2024-09-04 13-05-25,-12364,-128,40726490756,1132998722,EQhXRUVy,40763075053
nokia,126,2024-09-04 13-00-51,27455,-88,40727779487,514876855,SqOrDFyA,40758029262
nokia,50,2024-09-04 13-00-51,-26446,-73,40783711545,-444349524,ctqkbWvj,40740608938
nokia,126,2024-09-04 13-04-04,-2374,-111,40783383992,100813296,hAKlUWdz,40730170825
nokia,-33,2024-09-04 13-03-19,3752,-110,40713041385,-2042736344,ZUATBkgd,40741568558
nokia,116,2024-09-04 13-04-57,-12710,-16,40761409373,-645673282,QHcYhKJq,40739242576
nokia,-19,2024-09-04 13-03-40,-6582,-71,40795553478,-189949764,mMRudBKh,40797098130
nokia,-67,2024-09-04 13-02-24,32519,-82,40753373020,-1918546734,BXAJDcUu,40799497508
nokia,-16,2024-09-04 13-02-22,-4273,68,40787048690,-1076612059,fAesGRNz,40723681234
nokia,-27,2024-09-04 13-04-39,-16770,49,40795059707,390595901,qQqvqmwH,40730453031
nokia,-53,2024-09-04 13-04-21,-32185,-106,40782397931,-2023652877,CQrjsbFn,40773457954
nokia,89,2024-09-04 13-03-57,-31424,-127,40719623997,167614359,JheqPdBz,40790058515
nokia,-72,2024-09-04 13-03-06,-18567,-120,40720260307,-980301391,MdFBmpfr,40704893394
